Date,Open,High,Low,Close,Volume,Ticker
20150417,25,25,25,25,0,BBOZ
20150420,25.58,25.58,25.5,25.5,140,BBOZ
20150421,24.870001,25.190001,24.870001,25.07,11290,BBOZ
20150422,25.07,25.52,25,25.469999,13864,BBOZ
20150423,25.5,25.5,25.370001,25.370001,9594,BBOZ
20150424,24.99,24.99,24.459999,24.48,14230,BBOZ
20150427,24.209999,24.209999,23.9,23.950001,23610,BBOZ
20150428,24.09,24.18,23.950001,24.18,16270,BBOZ
20150429,24.57,25.389999,24.57,25.389999,23900,BBOZ
20150430,25.870001,26.24,25.75,25.950001,14827,BBOZ
20150501,25.91,26.110001,25.6,25.690001,11235,BBOZ
20150504,25.75,25.889999,25.42,25.540001,50093,BBOZ
20150505,25.540001,25.540001,25.540001,25.540001,0,BBOZ
20150506,26.33,26.860001,26.33,26.84,30678,BBOZ
20150507,27.85,27.99,27.4,27.59,32798,BBOZ
20150508,27.040001,27.59,27.040001,27.59,13296,BBOZ
20150511,26.83,27.77,26.83,27.75,18968,BBOZ
20150512,27.26,27.33,26.870001,26.9,5934,BBOZ
20150513,26.809999,26.860001,26.42,26.43,8214,BBOZ
20150514,26.790001,26.790001,26.68,26.74,3866,BBOZ
20150515,25.959999,26.370001,25.93,26.370001,8942,BBOZ
20150518,25.950001,26.889999,25.92,26.889999,4921,BBOZ
20150519,27.059999,27.5,26.950001,26.950001,2869,BBOZ
20150520,27.559999,27.82,27.42,27.48,11067,BBOZ
20150521,27.280001,27.280001,26.9,26.9,4195,BBOZ
20150522,26.559999,26.91,26.540001,26.879999,11652,BBOZ
20150525,26.74,26.74,26.08,26.370001,39651,BBOZ
20150526,26,26,25.58,25.77,13219,BBOZ
20150527,26.059999,26.26,25.91,26.219999,13981,BBOZ
20150528,25.83,26.58,25.83,26.15,7578,BBOZ
20150529,25.860001,25.860001,25.290001,25.48,35078,BBOZ
20150601,25.99,26.610001,25.91,26.1,10247,BBOZ
20150602,28.5,28.5,26.6,27,10025,BBOZ
20150603,27.469999,27.85,27.469999,27.82,61559,BBOZ
20150604,28.1,28.66,28.040001,28.66,28467,BBOZ
20150605,28.780001,28.98,28.52,28.780001,28119,BBOZ
20150609,28.76,28.879999,28.620001,28.66,1702,BBOZ
20150610,29.07,29.219999,28.950001,29.049999,7020,BBOZ
20150611,28.559999,28.559999,28.110001,28.24,14086,BBOZ
20150612,28.190001,28.34,28.190001,28.34,2460,BBOZ
20150615,28.76,28.83,28.41,28.41,13246,BBOZ
20150616,28.32,28.32,27.93,28.190001,10603,BBOZ
20150617,27.969999,27.969999,27.610001,27.610001,13410,BBOZ
20150618,27.870001,28.73,25.85,28.530001,7719,BBOZ
20150619,28.059999,28.059999,27.51,27.76,11162,BBOZ
20150622,27.690001,28,27.5,27.5,33036,BBOZ
20150623,26.799999,26.870001,26.65,26.75,43268,BBOZ
20150624,26.51,26.780001,26.51,26.530001,4690,BBOZ
20150625,26.959999,27.15,26.959999,27.129999,2446,BBOZ
20150626,27.9,28.459999,27.9,28.23,78627,BBOZ
20150629,29.129999,29.709999,29.07,29.690001,48988,BBOZ
20150630,30.1,30.1,29.1,29.1,94593,BBOZ
20150701,26.76,26.76,26.139999,26.139999,37340,BBOZ
20150702,25.83,25.83,24.84,24.959999,79658,BBOZ
20150703,25.17,26.1,25.110001,25.66,57024,BBOZ
20150706,27.1,27.18,26.190001,26.280001,66745,BBOZ
20150707,25.940001,25.940001,25.15,25.190001,34181,BBOZ
20150708,25.84,26.34,25.549999,26.34,46332,BBOZ
20150709,26.85,27.27,26.219999,26.299999,56900,BBOZ
20150710,25.889999,26.129999,25.799999,26.110001,19173,BBOZ
20150713,26.48,26.52,25.709999,26.32,17695,BBOZ
20150714,25.389999,25.43,25.15,25.200001,49252,BBOZ
20150715,25.030001,25.030001,24.629999,24.67,72500,BBOZ
20150716,24.120001,24.42,24.08,24.309999,36633,BBOZ
20150717,24.09,24.52,24.09,24.299999,20760,BBOZ
20150720,24.23,24.450001,24.200001,24.209999,19933,BBOZ
20150721,23.92,24.059999,23.799999,23.83,29836,BBOZ
20150722,24.35,24.889999,24.32,24.889999,25040,BBOZ
20150723,25,25.18,24.85,25,84169,BBOZ
20150724,25.5,25.6,25,25.41,48233,BBOZ
20150727,25.75,25.75,25.17,25.17,40947,BBOZ
20150728,25.74,25.790001,24.98,25.209999,42912,BBOZ
20150729,24.559999,24.690001,24.559999,24.690001,26709,BBOZ
20150730,24.469999,24.549999,24.290001,24.290001,37377,BBOZ
20150731,24.219999,24.219999,24.040001,24.059999,23049,BBOZ
20150803,24.08,24.34,24.08,24.27,11156,BBOZ
20150804,24.450001,24.450001,23.74,24,21408,BBOZ
20150805,24.25,24.68,24.200001,24.48,39648,BBOZ
20150806,24.700001,25.27,24.700001,25.17,83172,BBOZ
20150807,25.92,26.389999,25.85,26.389999,215729,BBOZ
20150810,26.549999,26.6,26.030001,26.059999,24265,BBOZ
20150811,25.6,26.440001,25.6,26.299999,58553,BBOZ
20150812,26.57,27.68,26.16,27.469999,187566,BBOZ
20150813,27.32,27.35,26.77,27.290001,28348,BBOZ
20150814,27.440001,27.870001,27.18,27.77,27496,BBOZ
20150817,27.469999,27.48,27.139999,27.379999,14530,BBOZ
20150818,27.23,28.049999,27,28,36314,BBOZ
20150819,27.629999,27.629999,27.1,27.200001,32402,BBOZ
20150820,27.790001,28.299999,27.67,28.23,24377,BBOZ
20150821,29,29.65,28.68,29.16,80319,BBOZ
20150824,30.52,31.68,30.25,31.469999,356799,BBOZ
20150825,33.360001,33.400002,29.25,29.51,632159,BBOZ
20150826,31.059999,31.190001,28.76,28.879999,118588,BBOZ
20150827,27.82,27.940001,27.5,27.93,82043,BBOZ
20150828,27.16,28.030001,27.02,27.67,71775,BBOZ
20150831,28.110001,28.93,28,28.35,53571,BBOZ
20150901,28.76,29.780001,28.209999,29.719999,64331,BBOZ
20150902,30.35,30.709999,29.6,29.629999,91170,BBOZ
20150903,28.959999,30.48,28.66,30.48,50021,BBOZ
20150904,30.280001,30.889999,30,30.32,49297,BBOZ
20150907,30.27,31.15,30.120001,30.360001,80729,BBOZ
20150908,30,30,29.190001,29.190001,62822,BBOZ
20150909,28.32,28.32,27.549999,27.57,79941,BBOZ
20150910,29.040001,29.4,28.83,29.33,49165,BBOZ
20150911,29.4,30.110001,29.24,29.77,51516,BBOZ
20150914,28.65,29.629999,28.65,29.290001,50229,BBOZ
20150915,29.049999,30.389999,29.049999,30.389999,220455,BBOZ
20150916,29.709999,30.07,29.24,29.24,64023,BBOZ
20150917,28.049999,28.709999,27.879999,28.6,86682,BBOZ
20150918,28.790001,29.299999,27.870001,28.219999,79267,BBOZ
20150921,29.51,30.24,29.450001,29.709999,77370,BBOZ
20150922,28.98,29.59,28.84,29.129999,29990,BBOZ
20150923,30.15,30.75,29.860001,30.6,88221,BBOZ
20150924,30.32,30.32,29.6,29.6,48477,BBOZ
20150925,29.07,30.09,28.950001,29.99,168683,BBOZ
20150928,30.07,30.200001,29.07,29.07,85903,BBOZ
20150929,30.58,31.799999,30.559999,31.799999,141256,BBOZ
20150930,31.549999,31.6,30.299999,30.34,85644,BBOZ
20151001,30.139999,30.139999,28.969999,29.030001,166970,BBOZ
20151002,29.83,30,28.950001,29.9,122348,BBOZ
20151005,29.08,29.129999,28.450001,28.559999,93168,BBOZ
20151006,27.879999,28.34,27.549999,28.34,121962,BBOZ
20151007,28.15,28.77,27.870001,27.870001,115553,BBOZ
20151008,27.25,27.809999,27.030001,27.719999,109794,BBOZ
20151009,26.860001,27.190001,26.6,26.790001,102897,BBOZ
20151012,26.91,27.4,26.84,27.290001,67054,BBOZ
20151013,27.459999,28.02,27.360001,27.709999,66292,BBOZ
20151014,28,28.17,27.68,27.73,105701,BBOZ
20151015,27.59,27.709999,27.17,27.33,99317,BBOZ
20151016,26.83,27,26.4,26.799999,77868,BBOZ
20151019,26.75,27.07,26.6,26.92,56291,BBOZ
20151020,27.120001,27.41,26.99,27.32,57306,BBOZ
20151021,27.549999,27.809999,27,27.190001,46261,BBOZ
20151022,27.35,27.530001,26.98,27.01,33731,BBOZ
20151023,25.83,25.98,25.629999,25.950001,102541,BBOZ
20151026,25.52,25.98,25.49,25.98,57622,BBOZ
20151027,25.870001,25.98,25.809999,25.92,11794,BBOZ
20151028,25.98,26.35,25.879999,26.129999,31443,BBOZ
20151029,25.9,27.030001,25.879999,26.940001,45646,BBOZ
20151030,27.4,27.68,26.950001,27.299999,35648,BBOZ
20151102,27.219999,28.219999,27.120001,28.16,89387,BBOZ
20151103,27.629999,27.809999,27.200001,27.34,117525,BBOZ
20151104,26.68,27.33,26.4,27.25,67048,BBOZ
20151105,27.26,28.02,27.23,27.76,64138,BBOZ
20151106,27.709999,28.059999,27.34,27.35,68418,BBOZ
20151109,27.75,28.700001,27.700001,28.5,102231,BBOZ
20151110,28.799999,29.379999,28.75,28.77,156521,BBOZ
20151111,28.620001,28.620001,28.190001,28.32,39771,BBOZ
20151112,28.610001,28.77,28.139999,28.219999,17112,BBOZ
20151113,29.25,29.68,29.15,29.25,83492,BBOZ
20151116,30.219999,30.299999,29.549999,29.790001,97810,BBOZ
20151117,29.08,29.35,28.209999,28.209999,38414,BBOZ
20151118,28.610001,28.700001,27.84,28.01,35361,BBOZ
20151119,27.299999,27.610001,26.58,26.58,66617,BBOZ
20151120,26.620001,26.629999,26.129999,26.41,42254,BBOZ
20151123,26.6,26.6,25.99,26.15,31174,BBOZ
20151124,26.48,26.690001,26.18,26.690001,83254,BBOZ
20151125,26.559999,27.08,26.559999,27.02,40533,BBOZ
20151126,27,27.040001,26.32,26.85,51003,BBOZ
20151127,26.49,27,26.23,26.959999,10767,BBOZ
20151130,26.969999,27.379999,26.809999,27.33,48575,BBOZ
20151201,27.24,27.299999,26.030001,26.23,100065,BBOZ
20151202,26.360001,26.549999,26.17,26.309999,69999,BBOZ
20151203,26.85,27.059999,26.540001,26.719999,47653,BBOZ
20151204,27.620001,27.9,27.51,27.51,76836,BBOZ
20151207,26.66,27.51,26.6,27.51,116784,BBOZ
20151208,27.940001,28.1,27.690001,28.09,34277,BBOZ
20151209,28.35,28.51,27.93,28.41,103216,BBOZ
20151210,28.5,29.34,28.450001,28.85,57343,BBOZ
20151211,28.959999,29.18,28.51,29.030001,24116,BBOZ
20151214,29.940001,30.299999,29.700001,30.290001,88467,BBOZ
20151215,30.190001,30.51,29.73,30.51,121550,BBOZ
20151216,29.92,30.049999,29.02,29.040001,52642,BBOZ
20151217,28.209999,28.209999,27.620001,27.9,70103,BBOZ
20151218,28.950001,29.040001,27.99,27.99,130335,BBOZ
20151221,28.549999,28.549999,27.68,27.91,81966,BBOZ
20151222,27.25,27.93,27.049999,27.84,63386,BBOZ
20151223,27.440001,27.51,27.09,27.459999,53294,BBOZ
20151224,26.59,26.889999,26.530001,26.67,65891,BBOZ
20151228,26.67,26.67,26.67,26.67,0,BBOZ
20151229,26.719999,26.719999,25.639999,25.639999,106231,BBOZ
20151230,25.030001,25.24,24.940001,25.059999,59936,BBOZ
20151231,25.040001,25.370001,24.940001,25.370001,58876,BBOZ
20160104,25.5,25.75,25,25.629999,135443,BBOZ
20160105,26.17,26.629999,26.09,26.629999,161046,BBOZ
20160106,26.309999,27.629999,26.299999,27.33,148319,BBOZ
20160107,27.440001,28.83,27.299999,28.620001,167755,BBOZ
20160108,29.290001,29.709999,28.34,28.92,357506,BBOZ
20160111,29.950001,30.309999,29.65,29.719999,160686,BBOZ
20160112,29.610001,30,29.049999,29.74,118661,BBOZ
20160113,29.639999,29.67,28.83,28.99,74872,BBOZ
20160114,30.34,30.58,29.809999,30.030001,111273,BBOZ
20160115,28.98,30.549999,28.83,30.219999,83729,BBOZ
20160118,31.17,31.5,30.6,30.6,136155,BBOZ
20160119,30.66,30.99,30.040001,30.09,61740,BBOZ
20160120,30.25,31.059999,29.709999,30.93,230566,BBOZ
20160121,30.09,30.639999,29.65,30.6,198868,BBOZ
20160122,29.9,30.299999,29.6,29.799999,103900,BBOZ
20160125,28.9,29.120001,28.48,28.5,93884,BBOZ
20160127,28.57,29.51,28.57,29.33,26418,BBOZ
20160128,29.450001,29.950001,28.73,28.940001,93482,BBOZ
20160129,29,29.389999,28.5,28.59,382469,BBOZ
20160201,27.85,28.190001,27.57,27.940001,121741,BBOZ
20160202,27.950001,28.93,27.950001,28.75,105921,BBOZ
20160203,29.75,30.450001,29.5,30.41,232793,BBOZ
20160204,29.620001,29.93,28.790001,28.969999,313190,BBOZ
20160205,28.98,29.65,28.969999,29.030001,119464,BBOZ
20160208,29.57,29.73,28.959999,28.98,68819,BBOZ
20160209,29.99,31.219999,29.93,31.110001,148510,BBOZ
20160210,30.85,33.040001,30.85,32.029999,201894,BBOZ
20160211,31.780001,32.049999,31.280001,31.280001,104988,BBOZ
20160212,32,32.150002,31.51,32.080002,89919,BBOZ
20160215,30.950001,31.77,30.74,30.9,73485,BBOZ
20160216,30.32,31.15,29.76,29.76,138295,BBOZ
20160217,29.700001,30.35,29.530001,30.23,105354,BBOZ
20160218,29.139999,29.32,28.57,28.58,160571,BBOZ
20160219,28.76,29.450001,28.629999,29.120001,337660,BBOZ
20160222,29.24,29.24,28.379999,28.42,83375,BBOZ
20160223,28.059999,28.82,27.85,28.65,83264,BBOZ
20160224,29.280001,30.35,29.280001,30.17,129231,BBOZ
20160225,29.549999,30.58,29.530001,30.049999,107579,BBOZ
20160226,29.77,30.6,29.77,30.08,108087,BBOZ
20160229,29.83,29.950001,29.25,29.950001,45410,BBOZ
20160301,29.99,30,29,29.16,80079,BBOZ
20160302,27.969999,28.25,27.35,27.74,217305,BBOZ
20160303,27.440001,27.5,26.940001,26.959999,133847,BBOZ
20160304,26.85,26.92,26.610001,26.85,93794,BBOZ
20160307,26.280001,26.370001,26.030001,26.16,194642,BBOZ
20160308,25.709999,26.639999,25.67,26.57,366983,BBOZ
20160309,26.77,26.870001,25.92,25.940001,217889,BBOZ
20160310,25.73,25.969999,25.620001,25.92,77528,BBOZ
20160311,25.870001,26.360001,25.540001,25.719999,85270,BBOZ
20160314,25.24,25.610001,25.129999,25.530001,80067,BBOZ
20160315,25.59,26.469999,25.59,26.459999,128388,BBOZ
20160316,26.549999,26.700001,26.299999,26.360001,48923,BBOZ
20160317,25.68,25.98,25.360001,25.67,101899,BBOZ
20160318,25.120001,25.629999,24.969999,25.559999,78684,BBOZ
20160321,25.469999,25.950001,25.299999,25.75,43898,BBOZ
20160322,25.51,25.85,25.469999,25.709999,49274,BBOZ
20160323,25.84,26.299999,25.790001,26.09,52923,BBOZ
20160324,26.59,26.91,26.49,26.77,118529,BBOZ
20160329,26.629999,27.9,26.41,27.83,178163,BBOZ
20160330,27.309999,28,27.110001,27.77,140454,BBOZ
20160331,27.1,27.1,26.639999,26.85,118806,BBOZ
20160401,27.32,28.09,27.32,27.84,157279,BBOZ
20160404,27.59,27.9,27.26,27.9,57102,BBOZ
20160405,28.02,29.040001,27.98,28.860001,197241,BBOZ
20160406,28.91,29.030001,28.370001,28.57,149854,BBOZ
20160407,28.42,28.450001,28.030001,28.370001,54423,BBOZ
20160408,29,29.26,28.469999,28.700001,120260,BBOZ
20160411,28.5,29.01,28.5,28.809999,91348,BBOZ
20160412,28.950001,29,28.209999,28.23,104644,BBOZ
20160413,27.719999,27.75,27.25,27.25,116963,BBOZ
20160414,26.799999,27.040001,26.389999,26.469999,133747,BBOZ
20160415,26.459999,26.469999,25.879999,25.93,143418,BBOZ
20160418,26.309999,26.389999,25.9,26.18,145902,BBOZ
20160419,25.33,25.559999,25.110001,25.52,155862,BBOZ
20160420,25.110001,25.42,24.879999,25.200001,135756,BBOZ
20160421,24.32,24.690001,24.23,24.48,203323,BBOZ
20160422,24.85,24.91,24.4,24.870001,183201,BBOZ
20160426,24.950001,25.129999,24.690001,25.08,115975,BBOZ
20160427,24.82,25.459999,24.360001,25.370001,285971,BBOZ
20160428,25.01,25.280001,24.790001,25,188153,BBOZ
20160429,24.98,25.129999,24.610001,24.67,217936,BBOZ
20160502,25,25.440001,24.799999,24.809999,122531,BBOZ
20160503,25.120001,25.17,23.52,23.610001,267980,BBOZ
20160504,23.950001,24.49,23.799999,24.49,186381,BBOZ
20160505,24.66,24.74,24.25,24.459999,57958,BBOZ
20160506,24.83,25.290001,24.34,24.360001,137080,BBOZ
20160509,24.25,24.49,23.870001,23.91,82243,BBOZ
20160510,24.08,24.219999,23.639999,23.639999,75210,BBOZ
20160511,23.219999,23.379999,22.709999,23.33,158439,BBOZ
20160512,23.49,23.57,23.27,23.370001,94030,BBOZ
20160513,23.219999,23.879999,23.219999,23.719999,82749,BBOZ
20160516,23.83,23.83,23.209999,23.360001,80709,BBOZ
20160517,22.98,23.09,22.809999,22.84,84695,BBOZ
20160518,23.17,23.360001,22.879999,23.280001,120366,BBOZ
20160519,23.08,23.82,23,23.65,108214,BBOZ
20160520,23.559999,23.65,23.15,23.309999,74029,BBOZ
20160523,23.190001,23.889999,23.15,23.66,99404,BBOZ
20160524,23.66,23.879999,23.59,23.879999,44703,BBOZ
20160525,23.059999,23.200001,22.83,23.120001,155919,BBOZ
20160526,23.01,23.280001,22.73,22.950001,126022,BBOZ
20160527,22.73,22.780001,22.5,22.719999,102492,BBOZ
20160530,22.620001,22.889999,22.620001,22.709999,83441,BBOZ
20160531,22.77,23.18,22.73,23.049999,56030,BBOZ
20160601,23.58,23.799999,23.459999,23.639999,128453,BBOZ
20160602,23.6,24.200001,23.549999,24.139999,113024,BBOZ
20160603,23.65,23.98,23.65,23.700001,155761,BBOZ
20160606,23.690001,23.83,23.08,23.26,73224,BBOZ
20160607,23.120001,23.25,22.9,23.16,73351,BBOZ
20160608,23.4,23.48,23.08,23.18,25912,BBOZ
20160609,23.129999,23.540001,22.969999,23.25,40370,BBOZ
20160610,23.67,23.98,23.57,23.790001,99515,BBOZ
20160614,24.66,25.040001,24.52,24.940001,231007,BBOZ
20160615,25.219999,25.549999,25.02,25.549999,266251,BBOZ
20160616,25.5,25.67,25.01,25.620001,97059,BBOZ
20160617,25.34,25.52,25.24,25.389999,111001,BBOZ
20160620,24.82,24.85,24.4,24.4,147326,BBOZ
20160621,24.34,24.48,24.030001,24.219999,86198,BBOZ
20160622,24.17,24.35,23.940001,24.25,70180,BBOZ
20160623,24.190001,24.24,24,24.15,108857,BBOZ
20160624,23.83,26.360001,23.639999,25.950001,802662,BBOZ
20160627,26.24,26.4,25.48,25.66,211399,BBOZ
20160628,26.48,26.66,25.940001,26.059999,407326,BBOZ
20160629,25,25.799999,23.799999,25.540001,324142,BBOZ
20160630,24.879999,24.93,24.4,24.59,216779,BBOZ
20160701,24.1,24.530001,24.08,24.43,196976,BBOZ
20160704,24.629999,24.719999,24.040001,24.040001,131790,BBOZ
20160705,24.01,24.700001,23.879999,24.67,87251,BBOZ
20160706,24.91,25.49,24.860001,25,115741,BBOZ
20160707,24.6,24.84,24.469999,24.639999,109030,BBOZ
20160708,24.790001,24.790001,24.51,24.620001,35501,BBOZ
20160711,23.889999,23.889999,23.450001,23.51,152931,BBOZ
20160712,23.08,23.280001,22.860001,23.280001,307074,BBOZ
20160713,22.91,23.15,22.870001,22.92,161345,BBOZ
20160714,22.799999,22.83,22.58,22.67,239764,BBOZ
20160715,22.58,22.59,22.200001,22.48,250566,BBOZ
20160718,22.450001,22.450001,22.1,22.18,128426,BBOZ
20160719,22.129999,22.42,22.059999,22.27,106548,BBOZ
20160720,22.27,22.27,21.83,21.83,370046,BBOZ
20160721,21.34,21.67,21.34,21.59,246652,BBOZ
20160722,21.65,21.879999,21.559999,21.719999,105691,BBOZ
20160725,21.52,21.52,21.219999,21.4,95694,BBOZ
20160726,21.5,21.700001,21.35,21.370001,112560,BBOZ
20160727,21.16,21.4,21.059999,21.35,103538,BBOZ
20160728,21.23,21.27,21.1,21.23,156491,BBOZ
20160729,21.17,21.35,21.049999,21.129999,243132,BBOZ
20160801,20.99,21.08,20.66,20.91,230709,BBOZ
20160802,20.99,21.34,20.84,21.34,242539,BBOZ
20160803,21.700001,21.99,21.67,21.99,162892,BBOZ
20160804,21.799999,21.92,21.629999,21.92,79517,BBOZ
20160805,21.77,21.799999,21.610001,21.719999,127912,BBOZ
20160808,21.360001,21.450001,21.26,21.379999,128351,BBOZ
20160809,21.41,21.41,21.24,21.280001,79963,BBOZ
20160810,21.370001,21.6,21.290001,21.370001,40945,BBOZ
20160811,21.57,21.860001,21.57,21.620001,88312,BBOZ
20160812,21.299999,21.549999,21.200001,21.4,64247,BBOZ
20160815,21.530001,21.58,21.290001,21.34,77417,BBOZ
20160816,21.26,21.41,21.26,21.4,18762,BBOZ
20160817,21.440001,21.469999,21.209999,21.25,84117,BBOZ
20160818,21.07,21.58,21.07,21.49,148189,BBOZ
20160819,21.33,21.51,21.25,21.360001,105980,BBOZ
20160822,21.360001,21.48,21.219999,21.459999,91055,BBOZ
20160823,21.280001,21.309999,20.889999,21.1,146600,BBOZ
20160824,20.91,20.959999,20.799999,20.889999,82118,BBOZ
20160825,21.049999,21.16,20.91,21.129999,115235,BBOZ
20160826,21.200001,21.43,21.129999,21.35,40154,BBOZ
20160829,21.389999,21.860001,21.360001,21.719999,190376,BBOZ
20160830,21.33,21.65,21.33,21.65,120711,BBOZ
20160831,21.639999,22.200001,21.639999,22.059999,214735,BBOZ
20160901,22.25,22.27,22.01,22.15,214639,BBOZ
20160902,22.219999,22.65,22.219999,22.549999,223818,BBOZ
20160905,22.27,22.32,21.99,22.02,220022,BBOZ
20160906,22.08,22.200001,22.059999,22.1,277017,BBOZ
20160907,22.120001,22.190001,21.870001,22.01,140865,BBOZ
20160908,22.290001,22.6,22.290001,22.34,116579,BBOZ
20160909,22.700001,22.85,22.639999,22.75,151691,BBOZ
20160912,23.610001,23.879999,23.540001,23.83,383282,BBOZ
20160913,23.26,23.92,23.23,23.92,140518,BBOZ
20160914,24.049999,24.1,23.709999,23.709999,111678,BBOZ
20160915,23.950001,24.049999,23.540001,23.540001,119708,BBOZ
20160916,23.280001,23.33,22.879999,23.01,153771,BBOZ
20160919,23.01,23.01,23.01,23.01,0,BBOZ
20160920,23,23.16,22.959999,22.959999,125082,BBOZ
20160921,22.91,22.91,22.43,22.51,188130,BBOZ
20160922,22.15,22.209999,21.93,22.120001,217732,BBOZ
20160923,21.940001,22.059999,21.49,21.540001,192379,BBOZ
20160926,21.799999,21.799999,21.5,21.559999,68197,BBOZ
20160927,21.99,22.16,21.77,21.790001,102516,BBOZ
20160928,21.690001,21.879999,21.49,21.74,33825,BBOZ
20160929,21.209999,21.27,21.09,21.139999,87976,BBOZ
20160930,21.469999,21.6,21.33,21.43,59165,BBOZ
20161003,21.26,21.26,20.91,21.07,41102,BBOZ
20161004,21.1,21.299999,21,21,113153,BBOZ
20161005,21.24,21.389999,21.15,21.299999,35917,BBOZ
20161006,21.110001,21.219999,20.99,21.059999,48667,BBOZ
20161007,20.92,21.26,20.889999,21.18,47927,BBOZ
20161010,21.040001,21.09,20.92,21.09,47291,BBOZ
20161011,20.91,21.08,20.889999,21.049999,32478,BBOZ
20161012,21.389999,21.459999,21.129999,21.129999,121498,BBOZ
20161013,21.33,21.610001,21.32,21.48,119514,BBOZ
20161014,21.459999,21.51,21.370001,21.469999,57433,BBOZ
20161017,21.559999,21.9,21.42,21.9,92300,BBOZ
20161018,21.85,21.92,21.639999,21.719999,102101,BBOZ
20161019,21.469999,21.59,21.469999,21.49,19601,BBOZ
20161020,21.389999,21.52,21.299999,21.440001,42296,BBOZ
20161021,21.42,21.719999,21.4,21.57,69366,BBOZ
20161024,21.549999,22.02,21.549999,21.75,95281,BBOZ
20161025,21.639999,21.639999,21.299999,21.440001,42482,BBOZ
20161026,21.85,22.360001,21.790001,22.18,128902,BBOZ
20161027,22.17,22.74,22.110001,22.74,150711,BBOZ
20161028,22.74,23.030001,22.610001,22.889999,203892,BBOZ
20161031,22.93,22.940001,22.48,22.58,71092,BBOZ
20161101,22.809999,23,22.809999,22.85,144644,BBOZ
20161102,23.200001,23.59,23.17,23.379999,150544,BBOZ
20161103,23.690001,23.75,23.23,23.4,155897,BBOZ
20161104,23.639999,23.799999,23.540001,23.780001,123023,BBOZ
20161107,23.51,23.51,23.02,23.040001,285670,BBOZ
20161108,22.77,23.110001,22.75,22.950001,120282,BBOZ
20161109,22.690001,25.16,22.360001,24.049999,1031798,BBOZ
20161110,22.440001,22.639999,22.219999,22.219999,551540,BBOZ
20161111,22.049999,22.139999,21.77,21.77,145148,BBOZ
20161114,21.82,22.129999,21.780001,21.860001,69986,BBOZ
20161115,22.030001,22.26,22.01,22.040001,40016,BBOZ
20161116,21.85,22.08,21.82,22.049999,26215,BBOZ
20161117,22.450001,22.559999,21.870001,21.950001,126118,BBOZ
20161118,21.799999,21.85,21.65,21.73,161166,BBOZ
20161121,21.790001,21.93,21.639999,21.799999,54156,BBOZ
20161122,21.42,21.42,21,21.139999,324233,BBOZ
20161123,21.139999,21.139999,20.32,20.4,287392,BBOZ
20161124,20.25,20.48,20.209999,20.389999,111635,BBOZ
20161125,20.299999,20.41,20.059999,20.209999,127230,BBOZ
20161128,20.16,20.530001,20.16,20.530001,116772,BBOZ
20161129,20.58,20.639999,20.35,20.610001,126564,BBOZ
20161130,20.66,20.9,20.610001,20.780001,100615,BBOZ
20161201,20.459999,20.610001,20.26,20.26,81146,BBOZ
20161202,20.379999,20.76,20.309999,20.76,53481,BBOZ
20161205,20.85,21.26,20.799999,21.120001,174140,BBOZ
20161206,20.780001,20.91,20.68,20.860001,71704,BBOZ
20161207,20.629999,20.709999,20.459999,20.459999,42775,BBOZ
20161208,20.07,20.09,19.84,19.92,137037,BBOZ
20161209,19.870001,19.92,19.700001,19.77,88430,BBOZ
20161212,19.75,19.82,19.549999,19.73,69743,BBOZ
20161213,19.950001,19.950001,19.65,19.879999,74520,BBOZ
20161214,19.719999,19.719999,19.43,19.51,230336,BBOZ
20161215,19.799999,20.1,19.74,19.93,153271,BBOZ
20161216,19.91,20.07,19.84,20.01,27791,BBOZ
20161219,19.959999,19.959999,19.57,19.719999,52547,BBOZ
20161220,19.709999,19.73,19.309999,19.43,63080,BBOZ
20161221,19.309999,19.309999,19.09,19.219999,95285,BBOZ
20161222,19.299999,19.309999,18.969999,18.99,74093,BBOZ
20161223,18.950001,19.18,18.92,19.120001,32147,BBOZ
20161228,18.940001,18.940001,18.549999,18.610001,160854,BBOZ
20161229,18.700001,18.73,18.41,18.41,72540,BBOZ
20161230,18.57,19.34,18.540001,18.73,75029,BBOZ
20170103,18.73,18.73,18.120001,18.139999,119862,BBOZ
20170104,18.16,18.190001,18.1,18.17,51915,BBOZ
20170105,18.01,18.040001,17.950001,18.01,46346,BBOZ
20170106,18,18.049999,17.940001,18,28518,BBOZ
20170109,17.92,17.92,17.48,17.6,127936,BBOZ
20170110,17.77,18.059999,17.77,17.99,131592,BBOZ
20170111,17.860001,17.92,17.77,17.92,61359,BBOZ
20170112,17.77,17.99,17.700001,17.940001,50826,BBOZ
20170113,17.9,18.35,17.9,18.27,88976,BBOZ
20170116,18.120001,18.120001,17.969999,18.1,38742,BBOZ
20170117,18.24,18.459999,18.24,18.440001,87798,BBOZ
20170118,18.629999,18.75,18.58,18.58,55812,BBOZ
20170119,18.42,18.65,18.33,18.52,44826,BBOZ
20170120,18.719999,18.85,18.709999,18.780001,141913,BBOZ
20170123,18.59,19.139999,18.530001,19.1,191064,BBOZ
20170124,19.030001,19.1,18.82,18.82,59686,BBOZ
20170125,18.549999,18.76,18.5,18.67,95656,BBOZ
20170127,18.52,18.629999,18.370001,18.379999,77700,BBOZ
20170130,18.57,18.889999,18.57,18.74,29670,BBOZ
20170131,18.98,19.17,18.92,19.07,131819,BBOZ
20170201,18.969999,19.129999,18.82,18.82,53896,BBOZ
20170202,18.700001,18.99,18.700001,18.940001,18792,BBOZ
20170203,18.92,19.09,18.780001,19.07,24177,BBOZ
20170206,18.879999,19.16,18.790001,19.129999,38297,BBOZ
20170207,19.209999,19.35,19.120001,19.120001,24612,BBOZ
20170208,19.1,19.1,18.83,18.860001,32222,BBOZ
20170209,18.809999,18.92,18.719999,18.77,44127,BBOZ
20170210,18.49,18.52,18.35,18.370001,82089,BBOZ
20170213,18.290001,18.290001,18.01,18.049999,74180,BBOZ
20170214,17.860001,18.1,17.82,18.1,71275,BBOZ
20170215,17.85,17.85,17.65,17.700001,97866,BBOZ
20170216,17.65,17.85,17.549999,17.67,65526,BBOZ
20170217,17.65,17.780001,17.65,17.75,67267,BBOZ
20170220,17.690001,17.870001,17.690001,17.790001,45658,BBOZ
20170221,17.719999,17.9,17.719999,17.809999,87878,BBOZ
20170222,17.700001,17.75,17.59,17.59,31071,BBOZ
20170223,17.709999,17.870001,17.639999,17.74,27070,BBOZ
20170224,17.780001,18.1,17.780001,18.02,60735,BBOZ
20170227,18.139999,18.23,18.030001,18.16,49905,BBOZ
20170228,18.1,18.129999,17.91,18.08,30615,BBOZ
20170301,18.299999,18.42,18.219999,18.219999,142598,BBOZ
20170302,17.74,17.76,17.65,17.65,228348,BBOZ
20170303,17.940001,18.120001,17.940001,18.01,49803,BBOZ
20170306,17.959999,18.040001,17.84,17.84,30792,BBOZ
20170307,18.01,18.01,17.65,17.719999,33943,BBOZ
20170308,17.82,17.879999,17.75,17.76,22346,BBOZ
20170309,17.85,17.9,17.700001,17.799999,40921,BBOZ
20170310,17.65,17.719999,17.5,17.549999,63671,BBOZ
20170313,17.58,17.77,17.58,17.68,30350,BBOZ
20170314,17.52,17.73,17.49,17.700001,23346,BBOZ
20170315,17.76,17.85,17.530001,17.530001,39373,BBOZ
20170316,17.290001,17.58,17.280001,17.459999,68113,BBOZ
20170317,17.4,17.4,17.219999,17.34,52415,BBOZ
20170320,17.49,17.610001,17.450001,17.59,29347,BBOZ
20170321,17.6,17.6,17.5,17.52,12827,BBOZ
20170322,18,18.219999,17.969999,18.200001,81405,BBOZ
20170323,18.110001,18.16,18.01,18.07,64423,BBOZ
20170324,17.93,17.93,17.57,17.67,94170,BBOZ
20170327,18,18.08,17.73,17.76,105137,BBOZ
20170328,17.610001,17.610001,17.190001,17.200001,185068,BBOZ
20170329,17.049999,17.1,16.77,16.82,120065,BBOZ
20170330,16.719999,16.76,16.629999,16.66,96650,BBOZ
20170331,16.66,16.870001,16.629999,16.870001,98939,BBOZ
20170403,16.91,17.1,16.85,16.860001,43737,BBOZ
20170404,16.870001,17,16.870001,16.92,32160,BBOZ
20170405,16.809999,17.02,16.76,16.860001,45284,BBOZ
20170406,16.950001,17.110001,16.92,16.969999,32598,BBOZ
20170407,16.77,17.07,16.709999,16.92,87727,BBOZ
20170410,16.73,16.73,16.540001,16.540001,94866,BBOZ
20170411,16.57,16.57,16.27,16.41,59458,BBOZ
20170412,16.360001,16.52,16.32,16.379999,62823,BBOZ
20170413,16.65,16.76,16.639999,16.709999,155609,BBOZ
20170418,16.799999,17.200001,16.77,17.120001,124345,BBOZ
20170419,17.33,17.43,17.200001,17.309999,97819,BBOZ
20170420,17.200001,17.290001,17.190001,17.190001,30423,BBOZ
20170421,17.02,17.02,16.870001,16.92,83975,BBOZ
20170424,16.799999,16.969999,16.67,16.860001,78646,BBOZ
20170426,16.5,16.559999,16.450001,16.530001,46393,BBOZ
20170427,16.57,16.58,16.469999,16.48,28267,BBOZ
20170428,16.65,16.690001,16.5,16.5,35911,BBOZ
20170501,16.559999,16.559999,16.25,16.25,162897,BBOZ
20170502,16.32,16.51,16.32,16.370001,46222,BBOZ
20170503,16.389999,16.780001,16.32,16.719999,67306,BBOZ
20170504,16.620001,17,16.620001,16.870001,111338,BBOZ
20170505,16.9,17.219999,16.879999,17.17,94368,BBOZ
20170508,16.67,16.91,16.67,16.889999,58963,BBOZ
20170509,16.99,17.120001,16.889999,17.07,94944,BBOZ
20170510,17.200001,17.25,16.719999,16.809999,149679,BBOZ
20170511,16.65,16.809999,16.450001,16.799999,126202,BBOZ
20170512,17.01,17.25,16.799999,17.139999,125261,BBOZ
20170515,17.32,17.32,17.030001,17.09,74375,BBOZ
20170516,16.889999,17.01,16.73,16.93,103745,BBOZ
20170517,17.049999,17.41,17.049999,17.379999,104677,BBOZ
20170518,17.82,17.969999,17.66,17.66,133200,BBOZ
20170519,17.690001,17.879999,17.690001,17.73,88149,BBOZ
20170522,17.540001,17.549999,17.370001,17.42,71970,BBOZ
20170523,17.379999,17.540001,17.280001,17.51,97355,BBOZ
20170524,17.440001,17.5,17.41,17.440001,56708,BBOZ
20170525,17.43,17.549999,17.27,17.27,30664,BBOZ
20170526,17.469999,17.65,17.469999,17.559999,94134,BBOZ
20170529,17.549999,17.860001,17.51,17.860001,53818,BBOZ
20170530,17.860001,18.09,17.77,17.780001,132349,BBOZ
20170531,17.77,17.83,17.65,17.809999,73524,BBOZ
20170601,17.84,17.84,17.65,17.690001,72097,BBOZ
20170602,17.389999,17.450001,17.24,17.299999,77864,BBOZ
20170605,17.42,17.639999,17.42,17.559999,32735,BBOZ
20170606,17.73,18.18,17.73,18.18,120063,BBOZ
20170607,18.129999,18.360001,18.049999,18.16,177072,BBOZ
20170608,18.4,18.469999,18.129999,18.15,109101,BBOZ
20170609,18.32,18.32,18,18.08,69079,BBOZ
20170613,18.049999,18.049999,17.43,17.43,66681,BBOZ
20170614,17.25,17.25,16.950001,16.969999,127044,BBOZ
20170615,17.26,17.530001,17.17,17.49,92615,BBOZ
20170616,17.49,17.49,17.27,17.43,64596,BBOZ
20170619,17.33,17.33,17.18,17.280001,46412,BBOZ
20170620,17.24,17.459999,17.209999,17.459999,61252,BBOZ
20170621,18,18.24,18,18.209999,90321,BBOZ
20170622,18.110001,18.110001,17.790001,17.879999,80203,BBOZ
20170623,17.809999,17.99,17.790001,17.84,30617,BBOZ
20170626,17.809999,17.85,17.6,17.809999,42705,BBOZ
20170627,17.83,18.09,17.83,17.85,36987,BBOZ
20170628,17.950001,17.950001,17.540001,17.549999,58061,BBOZ
20170629,17.24,17.25,17,17.040001,53308,BBOZ
20170630,17.549999,17.76,17.469999,17.709999,82659,BBOZ
20170703,17.809999,18,17.700001,17.969999,42490,BBOZ
20170704,17.450001,17.450001,17.23,17.299999,104554,BBOZ
20170705,17.280001,17.49,17.280001,17.379999,41107,BBOZ
20170706,17.469999,17.620001,17.440001,17.459999,52717,BBOZ
20170707,17.85,18.1,17.84,17.92,65489,BBOZ
20170710,17.719999,17.77,17.59,17.74,20459,BBOZ
20170711,17.690001,17.91,17.629999,17.700001,62770,BBOZ
20170712,17.83,18.190001,17.83,18.129999,67126,BBOZ
20170713,17.75,17.860001,17.629999,17.65,44380,BBOZ
20170714,17.58,17.59,17.35,17.530001,77919,BBOZ
20170717,17.610001,17.65,17.4,17.540001,18381,BBOZ
20170718,17.549999,18.110001,17.5,18.049999,78077,BBOZ
20170719,17.690001,17.9,17.65,17.700001,21690,BBOZ
20170720,17.5,17.6,17.450001,17.530001,73558,BBOZ
20170721,17.799999,17.9,17.59,17.799999,54040,BBOZ
20170724,18.030001,18.309999,18.030001,18.110001,89363,BBOZ
20170725,18,18,17.66,17.73,48174,BBOZ
20170726,17.41,17.43,17.34,17.41,115410,BBOZ
20170727,17.389999,17.42,17.25,17.360001,50309,BBOZ
20170728,17.59,18.040001,17.59,17.98,137322,BBOZ
20170731,17.93,17.99,17.66,17.790001,60243,BBOZ
20170801,17.74,17.74,17.440001,17.450001,78626,BBOZ
20170802,17.389999,17.719999,17.389999,17.67,58232,BBOZ
20170803,17.66,17.969999,17.66,17.75,63316,BBOZ
20170804,17.9,17.92,17.74,17.83,26864,BBOZ
20170807,17.559999,17.559999,17.4,17.469999,140897,BBOZ
20170808,17.35,17.84,17.299999,17.709999,107566,BBOZ
20170809,17.75,17.75,17.43,17.530001,163878,BBOZ
20170810,17.450001,17.65,17.299999,17.559999,205083,BBOZ
20170811,18.08,18.16,17.93,18.01,364756,BBOZ
20170814,17.83,17.93,17.709999,17.75,98897,BBOZ
20170815,17.5,17.549999,17.4,17.530001,152612,BBOZ
20170816,17.549999,17.639999,17.23,17.23,182962,BBOZ
20170817,17.07,17.35,17.049999,17.25,267524,BBOZ
20170818,17.74,17.790001,17.469999,17.49,390519,BBOZ
20170821,17.469999,17.870001,17.469999,17.68,290353,BBOZ
20170822,17.59,17.610001,17.440001,17.440001,128587,BBOZ
20170823,17.17,17.639999,17.139999,17.52,206495,BBOZ
20170824,17.639999,17.700001,17.4,17.469999,86252,BBOZ
20170825,17.48,17.629999,17.43,17.48,49679,BBOZ
20170828,17.49,17.799999,17.49,17.76,179757,BBOZ
20170829,17.9,18.16,17.879999,18.02,124791,BBOZ
20170830,17.83,18.030001,17.83,17.950001,65886,BBOZ
20170831,17.799999,17.85,17.639999,17.639999,95609,BBOZ
20170901,17.530001,17.690001,17.459999,17.530001,65048,BBOZ
20170904,17.6,17.77,17.6,17.709999,71074,BBOZ
20170905,17.620001,17.93,17.620001,17.65,186684,BBOZ
20170906,17.84,17.959999,17.700001,17.790001,210891,BBOZ
20170907,17.559999,17.75,17.49,17.68,272141,BBOZ
20170908,17.629999,17.879999,17.629999,17.790001,92212,BBOZ
20170911,17.620001,17.620001,17.41,17.469999,199981,BBOZ
20170912,17.25,17.32,17.1,17.209999,183087,BBOZ
20170913,16.98,17.23,16.98,17.209999,117391,BBOZ
20170914,17.27,17.35,17.200001,17.299999,68976,BBOZ
20170915,17.43,17.66,17.42,17.59,154788,BBOZ
20170918,17.43,17.440001,17.33,17.389999,63134,BBOZ
20170919,17.23,17.440001,17.23,17.440001,29514,BBOZ
20170920,17.549999,17.67,17.459999,17.51,44079,BBOZ
20170921,17.530001,18,17.530001,17.870001,186254,BBOZ
20170922,17.700001,17.870001,17.67,17.68,20237,BBOZ
20170925,17.48,17.690001,17.48,17.66,58035,BBOZ
20170926,17.57,17.780001,17.530001,17.76,58333,BBOZ
20170927,17.75,17.92,17.75,17.85,35925,BBOZ
20170928,17.690001,17.82,17.68,17.77,40723,BBOZ
20170929,17.77,17.85,17.66,17.74,69612,BBOZ
20171002,17.52,17.58,17.190001,17.34,165641,BBOZ
20171003,17.290001,17.620001,17.290001,17.6,114691,BBOZ
20171004,17.68,17.950001,17.68,17.950001,142246,BBOZ
20171005,17.860001,17.940001,17.83,17.940001,51083,BBOZ
20171006,17.58,17.690001,17.57,17.57,80798,BBOZ
20171009,17.48,17.48,17.17,17.299999,367654,BBOZ
20171010,17.469999,17.469999,17.23,17.33,44061,BBOZ
20171011,17.290001,17.290001,17.040001,17.08,154115,BBOZ
20171012,17.1,17.15,16.92,16.92,125981,BBOZ
20171013,16.91,16.91,16.68,16.77,155045,BBOZ
20171016,16.620001,16.620001,16.459999,16.52,89828,BBOZ
20171017,16.43,16.440001,16.17,16.23,198967,BBOZ
20171018,16.24,16.24,16.09,16.200001,61299,BBOZ
20171019,16.16,16.25,16.059999,16.190001,128471,BBOZ
20171020,16.34,16.370001,15.95,16.1,183604,BBOZ
20171023,15.99,16.200001,15.96,16.190001,59318,BBOZ
20171024,16.18,16.25,16.09,16.15,148861,BBOZ
20171025,16.030001,16.190001,16.01,16.120001,111828,BBOZ
20171026,16.18,16.26,16.040001,16.040001,74168,BBOZ
20171027,15.93,16.440001,15.88,16.110001,160440,BBOZ
20171030,15.96,16.09,15.93,16.030001,132505,BBOZ
20171031,16.030001,16.08,15.91,16.059999,81663,BBOZ
20171101,15.94,15.95,15.77,15.88,97529,BBOZ
20171102,15.73,15.9,15.73,15.88,55215,BBOZ
20171103,15.79,15.8,15.69,15.74,77405,BBOZ
20171106,15.7,15.81,15.7,15.77,52608,BBOZ
20171107,15.58,15.58,15.38,15.38,74880,BBOZ
20171108,15.48,15.48,15.34,15.36,43760,BBOZ
20171109,15.24,15.3,15.1,15.1,128421,BBOZ
20171110,15.26,15.27,15.2,15.25,40092,BBOZ
20171113,15.22,15.22,15.1,15.18,36977,BBOZ
20171114,15.38,15.53,15.38,15.5,56922,BBOZ
20171115,15.62,15.67,15.57,15.66,32621,BBOZ
20171116,15.74,15.78,15.6,15.63,26455,BBOZ
20171117,15.42,15.58,15.42,15.51,33156,BBOZ
20171120,15.72,15.76,15.6,15.64,78407,BBOZ
20171121,15.53,15.57,15.5,15.5,15123,BBOZ
20171122,15.32,15.43,15.32,15.34,26519,BBOZ
20171123,15.42,15.42,15.37,15.38,9931,BBOZ
20171124,15.44,15.59,15.42,15.45,77588,BBOZ
20171127,15.46,15.46,15.25,15.37,37866,BBOZ
20171128,15.43,15.43,15.29,15.4,29176,BBOZ
20171129,15.18,15.23,15.11,15.23,67539,BBOZ
20171130,15.48,15.6,15.41,15.49,245962,BBOZ
20171201,15.33,15.4,15.28,15.37,26883,BBOZ
20171204,15.32,15.44,15.31,15.38,20718,BBOZ
20171205,15.6,15.64,15.4,15.5,21908,BBOZ
20171206,15.66,15.7,15.55,15.66,31824,BBOZ
20171207,15.55,15.55,15.39,15.44,22435,BBOZ
20171208,15.38,15.4,15.24,15.35,28187,BBOZ
20171211,15.22,15.34,15.21,15.34,6255,BBOZ
20171212,15.25,15.3,15.23,15.3,19468,BBOZ
20171213,15.2,15.29,15.15,15.2,37253,BBOZ
20171214,15.1,15.23,15.05,15.23,34900,BBOZ
20171215,15.32,15.39,15.3,15.33,53561,BBOZ
20171218,15.19,15.19,15.08,15.08,29914,BBOZ
20171219,14.99,14.99,14.83,14.83,52675,BBOZ
20171220,15,15,14.81,14.84,19392,BBOZ
20171221,14.94,15,14.94,14.97,9740,BBOZ
20171222,14.88,14.93,14.82,14.92,12111,BBOZ
20171227,14.9,14.94,14.8,14.94,21232,BBOZ
20171228,14.88,14.92,14.78,14.78,100890,BBOZ
20171229,14.85,15,14.85,14.92,32335,BBOZ
20180102,15.01,15.08,14.91,14.98,12320,BBOZ
20180103,14.91,14.93,14.9,14.91,24052,BBOZ
20180104,14.7,14.91,14.7,14.9,35289,BBOZ
20180105,14.7,14.72,14.57,14.57,40984,BBOZ
20180108,14.48,14.56,14.46,14.55,23650,BBOZ
20180109,14.49,14.52,14.43,14.52,149926,BBOZ
20180110,14.45,14.77,14.44,14.76,123155,BBOZ
20180111,14.81,15.03,14.8,14.95,67644,BBOZ
20180112,14.85,14.95,14.85,14.95,26822,BBOZ
20180115,14.74,14.91,14.73,14.86,13736,BBOZ
20180116,14.97,15.04,14.91,15.02,31424,BBOZ
20180117,15.28,15.3,15.22,15.28,29590,BBOZ
20180118,15.2,15.29,15.19,15.28,34778,BBOZ
20180119,15.22,15.37,15.22,15.33,28638,BBOZ
20180122,15.29,15.44,15.27,15.42,22329,BBOZ
20180123,15.3,15.3,15.14,15.16,29756,BBOZ
20180124,15.08,15.13,15,15.06,45634,BBOZ
20180125,15.15,15.19,15.1,15.1,26550,BBOZ
20180129,14.95,15.05,14.88,14.92,36931,BBOZ
20180130,15.16,15.3,15.06,15.26,42484,BBOZ
20180131,15.48,15.48,15.16,15.16,106735,BBOZ
20180201,15.08,15.08,14.84,14.84,84666,BBOZ
20180202,14.9,14.94,14.68,14.68,62220,BBOZ
20180205,15.19,15.32,15.08,15.23,200351,BBOZ
20180206,16.219999,16.709999,16.200001,16.459999,464512,BBOZ
20180207,15.99,16.200001,15.86,16.200001,168944,BBOZ
20180208,16.469999,16.51,16.110001,16.110001,130887,BBOZ
20180209,16.75,16.799999,16.41,16.450001,220994,BBOZ
20180212,16.549999,16.75,16.469999,16.559999,130120,BBOZ
20180213,16.459999,16.559999,16.299999,16.33,94533,BBOZ
20180214,16.34,16.4,16.209999,16.27,46309,BBOZ
20180215,16.08,16.110001,15.87,15.87,70219,BBOZ
20180216,15.77,15.96,15.75,15.96,49949,BBOZ
20180219,15.78,15.78,15.65,15.67,22573,BBOZ
20180220,15.81,15.83,15.65,15.65,22013,BBOZ
20180221,15.8,15.8,15.6,15.63,30541,BBOZ
20180222,15.58,15.72,15.44,15.56,63190,BBOZ
20180223,15.31,15.43,15.24,15.25,85447,BBOZ
20180226,15,15.09,14.97,14.97,65072,BBOZ
20180227,14.76,14.86,14.7,14.86,66329,BBOZ
20180228,14.98,15.11,14.94,15.08,212187,BBOZ
20180301,15.28,15.42,15.28,15.33,84943,BBOZ
20180302,15.51,15.75,15.5,15.58,86676,BBOZ
20180305,15.62,15.85,15.62,15.8,29074,BBOZ
20180306,15.41,15.41,15.26,15.37,40587,BBOZ
20180307,15.55,15.79,15.52,15.73,87186,BBOZ
20180308,15.58,15.58,15.42,15.42,32660,BBOZ
20180309,15.36,15.36,15.18,15.3,65991,BBOZ
20180312,14.97,15.06,14.89,15.03,53867,BBOZ
20180313,15.14,15.37,15.14,15.23,72634,BBOZ
20180314,15.46,15.55,15.46,15.46,36913,BBOZ
20180315,15.45,15.64,15.45,15.54,35098,BBOZ
20180316,15.43,15.45,15.36,15.4,17912,BBOZ
20180319,15.18,15.47,15.13,15.3,42508,BBOZ
20180320,15.48,15.56,15.44,15.46,70231,BBOZ
20180321,15.36,15.47,15.31,15.33,40837,BBOZ
20180322,15.46,15.64,15.33,15.48,30926,BBOZ
20180323,16,16.27,15.96,16.23,119788,BBOZ
20180326,16.51,16.51,16.379999,16.4,97245,BBOZ
20180327,16.16,16.219999,16.110001,16.139999,73197,BBOZ
20180328,16.389999,16.440001,16.32,16.4,74780,BBOZ
20180329,16.34,16.65,16.32,16.6,105545,BBOZ
20180403,16.860001,16.860001,16.549999,16.639999,75959,BBOZ
20180404,16.59,16.799999,16.58,16.58,45510,BBOZ
20180405,16.459999,16.530001,16.32,16.379999,39798,BBOZ
20180406,16.52,16.530001,16.389999,16.41,40810,BBOZ
20180409,16.52,16.530001,16.25,16.280001,34188,BBOZ
20180410,16.4,16.41,15.98,16,52585,BBOZ
20180411,16.1,16.200001,16.049999,16.200001,21606,BBOZ
20180412,16.35,16.360001,16.17,16.280001,9758,BBOZ
20180413,16.15,16.18,16.09,16.18,5509,BBOZ
20180416,16.09,16.09,15.94,16.07,23211,BBOZ
20180417,16.08,16.08,15.9,16.08,56347,BBOZ
20180418,15.97,16,15.94,15.98,39002,BBOZ
20180419,15.73,15.84,15.7,15.84,32931,BBOZ
20180420,15.94,15.95,15.84,15.93,22984,BBOZ
20180423,15.93,15.93,15.75,15.81,51644,BBOZ
20180424,15.74,15.79,15.55,15.59,87547,BBOZ
20180426,15.55,15.7,15.5,15.67,36335,BBOZ
20180427,15.45,15.57,15.42,15.42,33123,BBOZ
20180430,15.36,15.36,15.17,15.22,97729,BBOZ
20180501,15.18,15.24,14.97,15,105824,BBOZ
20180502,15,15,14.77,14.8,98422,BBOZ
20180503,14.6,14.62,14.44,14.51,251252,BBOZ
20180504,14.5,14.75,14.44,14.72,98289,BBOZ
20180507,14.48,14.63,14.44,14.59,80609,BBOZ
20180508,14.49,14.58,14.43,14.57,96953,BBOZ
20180509,14.53,14.55,14.43,14.43,90099,BBOZ
20180510,14.25,14.41,14.22,14.4,84747,BBOZ
20180511,14.31,14.42,14.26,14.42,86624,BBOZ
20180514,14.3,14.33,14.22,14.22,80350,BBOZ
20180515,14.2,14.39,14.17,14.39,87499,BBOZ
20180516,14.4,14.4,14.2,14.33,405849,BBOZ
20180517,14.27,14.46,14.27,14.41,42507,BBOZ
20180518,14.17,14.45,14.17,14.44,40714,BBOZ
20180521,14.45,14.5,14.37,14.45,86216,BBOZ
20180522,14.48,14.76,14.48,14.68,135943,BBOZ
20180523,14.64,14.78,14.6,14.71,51560,BBOZ
20180524,14.82,14.89,14.73,14.8,23588,BBOZ
20180525,14.82,14.89,14.73,14.75,91766,BBOZ
20180528,14.82,14.98,14.82,14.92,55290,BBOZ
20180529,14.9,14.92,14.8,14.9,19465,BBOZ
20180530,15.14,15.18,15.03,15.03,121535,BBOZ
20180531,14.75,14.95,14.75,14.88,34836,BBOZ
20180601,15.02,15.13,15,15,53467,BBOZ
20180604,14.8,14.85,14.72,14.85,58370,BBOZ
20180605,14.94,15.04,14.93,14.97,45819,BBOZ
20180606,14.9,14.9,14.81,14.81,56887,BBOZ
20180607,14.77,14.77,14.53,14.58,49676,BBOZ
20180608,14.67,14.67,14.58,14.67,24180,BBOZ
20180612,14.57,14.63,14.55,14.61,28499,BBOZ
20180613,14.61,14.88,14.61,14.81,55519,BBOZ
20180614,14.88,14.92,14.76,14.84,38573,BBOZ
20180615,14.62,14.62,14.34,14.37,521736,BBOZ
20180618,14.37,14.41,14.26,14.32,69774,BBOZ
20180619,14.12,14.31,14.05,14.31,228072,BBOZ
20180620,14.07,14.14,13.88,13.88,123869,BBOZ
20180621,13.67,13.71,13.5,13.58,171078,BBOZ
20180622,13.65,13.66,13.52,13.61,62422,BBOZ
20180625,13.56,13.73,13.5,13.7,61898,BBOZ
20180626,13.96,13.96,13.75,13.75,75826,BBOZ
20180627,13.69,13.8,13.69,13.78,68105,BBOZ
20180628,13.78,13.82,13.6,13.61,45888,BBOZ
20180629,13.5,13.73,13.48,13.73,76286,BBOZ
20180702,13.62,13.81,13.59,13.81,23653,BBOZ
20180703,13.7,13.76,13.59,13.63,62756,BBOZ
20180704,13.68,13.83,13.65,13.79,40980,BBOZ
20180705,13.7,13.72,13.62,13.63,38976,BBOZ
20180706,13.51,13.6,13.31,13.32,117037,BBOZ
20180709,13.24,13.28,13.18,13.27,59337,BBOZ
20180710,13.14,13.4,13.14,13.4,87158,BBOZ
20180711,13.43,13.64,13.43,13.63,62860,BBOZ
20180712,13.56,13.56,13.29,13.35,73481,BBOZ
20180713,13.29,13.45,13.29,13.33,38886,BBOZ
20180716,13.41,13.52,13.41,13.5,32011,BBOZ
20180717,13.6,13.7,13.52,13.68,33668,BBOZ
20180718,13.54,13.54,13.43,13.48,67821,BBOZ
20180719,13.46,13.49,13.35,13.4,42203,BBOZ
20180720,13.4,13.4,13.24,13.3,42730,BBOZ
20180723,13.43,13.62,13.43,13.61,35158,BBOZ
20180724,13.48,13.49,13.41,13.41,21389,BBOZ
20180725,13.39,13.55,13.36,13.52,118407,BBOZ
20180726,13.51,13.69,13.49,13.52,51913,BBOZ
20180727,13.37,13.37,13.22,13.22,91041,BBOZ
20180730,13.37,13.44,13.34,13.35,35557,BBOZ
20180731,13.29,13.37,13.25,13.34,57363,BBOZ
20180801,13.26,13.36,13.25,13.35,21908,BBOZ
20180802,13.37,13.53,13.37,13.53,49860,BBOZ
20180803,13.4,13.59,13.37,13.56,33594,BBOZ
20180806,13.44,13.44,13.32,13.4,35850,BBOZ
20180807,13.41,13.51,13.41,13.48,38363,BBOZ
20180808,13.45,13.45,13.35,13.4,33864,BBOZ
20180809,13.36,13.45,13.16,13.25,89724,BBOZ
20180810,13.18,13.37,13.18,13.37,23739,BBOZ
20180813,13.46,13.55,13.43,13.48,74848,BBOZ
20180814,13.42,13.42,13.19,13.21,110929,BBOZ
20180815,13.23,13.23,12.98,12.98,92602,BBOZ
20180816,13.18,13.24,13,13,65050,BBOZ
20180817,13.06,13.06,12.93,12.94,53400,BBOZ
20180820,12.86,12.92,12.82,12.91,48341,BBOZ
20180821,12.89,13.25,12.88,13.19,130939,BBOZ
20180822,13.3,13.38,13.28,13.3,37583,BBOZ
20180823,13.24,13.39,13.24,13.36,52535,BBOZ
20180824,13.3,13.34,13.23,13.34,39795,BBOZ
20180827,13.35,13.4,13.24,13.24,35762,BBOZ
20180828,13.08,13.13,12.98,13.04,50828,BBOZ
20180829,13,13.01,12.8,12.8,54434,BBOZ
20180830,12.69,12.79,12.66,12.78,68265,BBOZ
20180831,12.82,12.93,12.79,12.93,35526,BBOZ
20180903,12.84,12.97,12.84,12.97,43368,BBOZ
20180904,12.99,13.15,12.99,13.07,55750,BBOZ
20180905,13.13,13.38,13.12,13.38,111135,BBOZ
20180906,13.51,13.75,13.51,13.7,303871,BBOZ
20180907,13.89,14,13.78,13.78,180929,BBOZ
20180910,13.89,13.89,13.73,13.78,46073,BBOZ
20180911,13.76,13.76,13.54,13.54,138520,BBOZ
20180912,13.65,13.65,13.58,13.59,26091,BBOZ
20180913,13.63,13.83,13.61,13.82,64434,BBOZ
20180914,13.72,13.75,13.58,13.61,51118,BBOZ
20180917,13.73,13.73,13.49,13.51,56348,BBOZ
20180918,13.69,13.7,13.58,13.66,65042,BBOZ
20180919,13.56,13.6,13.44,13.47,37723,BBOZ
20180920,13.56,13.62,13.56,13.61,11193,BBOZ
20180921,13.51,13.56,13.41,13.51,92684,BBOZ
20180924,13.59,13.6,13.48,13.51,21907,BBOZ
20180925,13.59,13.62,13.5,13.53,34929,BBOZ
20180926,13.48,13.53,13.41,13.49,27771,BBOZ
20180927,13.56,13.56,13.49,13.55,17495,BBOZ
20180928,13.44,13.44,13.3,13.42,38368,BBOZ
20181001,13.6,13.7,13.59,13.64,46209,BBOZ
20181002,13.57,13.89,13.57,13.83,27603,BBOZ
20181003,13.84,13.84,13.72,13.73,22459,BBOZ
20181004,13.61,13.61,13.5,13.61,41991,BBOZ
20181005,13.71,13.71,13.45,13.53,33980,BBOZ
20181008,13.74,14,13.74,14,133817,BBOZ
20181009,14.11,14.36,14.09,14.31,163392,BBOZ
20181010,14.29,14.41,14.24,14.26,80716,BBOZ
20181011,14.9,15.15,14.8,15.15,645090,BBOZ
20181012,15.43,15.43,15.06,15.12,319869,BBOZ
20181015,15.41,15.67,15.34,15.41,401735,BBOZ
20181016,15.41,15.41,15.16,15.22,88439,BBOZ
20181017,14.94,15,14.83,14.84,107903,BBOZ
20181018,14.87,14.97,14.82,14.82,33566,BBOZ
20181019,15.08,15.15,14.81,14.81,105871,BBOZ
20181022,15.02,15.14,14.94,15.02,90242,BBOZ
20181023,15.04,15.4,15.04,15.4,92818,BBOZ
20181024,15.4,15.52,15.33,15.47,66415,BBOZ
20181025,16.049999,16.469999,16,16.469999,317267,BBOZ
20181026,16.299999,16.700001,16.290001,16.450001,240230,BBOZ
20181029,16.280001,16.34,16.030001,16.059999,150155,BBOZ
20181030,16.280001,16.299999,15.67,15.67,193991,BBOZ
20181031,15.64,15.74,15.5,15.5,50533,BBOZ
20181101,15.32,15.51,15.24,15.42,189658,BBOZ
20181102,15.52,15.63,15.4,15.4,57644,BBOZ
20181105,15.53,15.57,15.37,15.56,28313,BBOZ
20181106,15.4,15.42,15.22,15.22,30810,BBOZ
20181107,15.25,15.4,15.09,15.09,67550,BBOZ
20181108,14.95,14.95,14.84,14.86,84475,BBOZ
20181109,14.88,15.07,14.86,14.91,38818,BBOZ
20181112,15.05,15.05,14.71,14.72,57750,BBOZ
20181113,15.15,15.35,15.1,15.29,73534,BBOZ
20181114,15.35,15.92,15.33,15.92,133274,BBOZ
20181115,15.88,16.18,15.76,15.98,103442,BBOZ
20181116,15.81,15.93,15.75,15.92,50939,BBOZ
20181119,16.040001,16.200001,16.040001,16.110001,39031,BBOZ
20181120,16.27,16.459999,16.25,16.26,112176,BBOZ
20181121,16.68,16.700001,16.4,16.4,78329,BBOZ
20181122,16.389999,16.4,16.1,16.120001,61001,BBOZ
20181123,16.129999,16.16,15.91,15.98,38791,BBOZ
20181126,16.219999,16.360001,16.09,16.24,38630,BBOZ
20181127,16.01,16.25,15.85,15.85,48516,BBOZ
20181128,15.81,16,15.78,15.89,84515,BBOZ
20181129,15.66,15.78,15.55,15.63,123338,BBOZ
20181130,15.8,16.299999,15.8,16.299999,87141,BBOZ
20181203,15.86,15.86,15.6,15.6,59153,BBOZ
20181204,15.67,15.97,15.67,15.96,54347,BBOZ
20181205,16.66,16.690001,16.27,16.27,63718,BBOZ
20181206,16.24,16.610001,16.24,16.379999,69421,BBOZ
20181207,16.280001,16.299999,16.049999,16.190001,48185,BBOZ
20181210,16.639999,17.1,16.57,17.049999,178801,BBOZ
20181211,16.92,17.09,16.82,16.940001,84839,BBOZ
20181212,16.83,16.85,16.4,16.4,55993,BBOZ
20181213,16.459999,16.5,16.219999,16.35,50096,BBOZ
20181214,16.5,16.780001,16.450001,16.76,38645,BBOZ
20181217,16.870001,16.870001,16.309999,16.34,185469,BBOZ
20181218,16.73,16.889999,16.620001,16.809999,97354,BBOZ
20181219,16.98,17.09,16.860001,16.889999,140154,BBOZ
20181220,17.129999,17.42,16.9,17.42,118405,BBOZ
20181221,17.33,18,17.200001,17.74,162391,BBOZ
20181224,18.120001,18.16,17.5,17.51,139547,BBOZ
20181227,17.040001,17.1,16.66,16.66,77764,BBOZ
20181228,16.59,16.6,16.219999,16.219999,196076,BBOZ
20181231,16,16.219999,15.83,16.219999,113550,BBOZ
20190102,16.379999,17.01,16.219999,16.969999,145161,BBOZ
20190103,16.700001,16.75,16.25,16.370001,165137,BBOZ
20190104,16.66,16.84,16.48,16.51,151542,BBOZ
20190107,16.01,16.02,15.7,15.97,100812,BBOZ
20190108,16,16.09,15.65,15.72,57989,BBOZ
20190109,15.64,15.64,15.33,15.36,165447,BBOZ
20190110,15.21,15.51,15.18,15.34,64138,BBOZ
20190111,15.16,15.32,15.16,15.3,42520,BBOZ
20190114,15.3,15.5,15.26,15.4,83365,BBOZ
20190115,15.35,15.4,15.12,15.12,66383,BBOZ
20190116,15.15,15.15,15,15,31893,BBOZ
20190117,14.89,15.04,14.87,14.87,90820,BBOZ
20190118,14.73,14.78,14.63,14.72,114674,BBOZ
20190121,14.51,14.64,14.49,14.62,77320,BBOZ
20190122,14.71,14.88,14.67,14.86,244732,BBOZ
20190123,15.01,15.01,14.8,14.94,191574,BBOZ
20190124,14.93,14.97,14.8,14.8,34193,BBOZ
20190125,14.68,14.7,14.44,14.52,97440,BBOZ
20190129,14.61,14.83,14.61,14.75,67604,BBOZ
20190130,14.57,14.75,14.51,14.67,80541,BBOZ
20190131,14.52,14.71,14.48,14.71,68511,BBOZ
20190201,14.75,14.85,14.71,14.83,81961,BBOZ
20190204,14.86,14.92,14.6,14.65,115694,BBOZ
20190205,14.25,14.25,13.66,13.92,291453,BBOZ
20190206,13.86,13.96,13.7,13.79,68087,BBOZ
20190207,13.62,13.62,13.35,13.39,248132,BBOZ
20190208,13.52,13.62,13.43,13.52,173700,BBOZ
20190211,13.54,13.75,13.47,13.6,126711,BBOZ
20190212,13.59,13.63,13.42,13.49,329809,BBOZ
20190213,13.31,13.55,13.31,13.54,240706,BBOZ
20190214,13.56,13.56,13.35,13.5,147183,BBOZ
20190215,13.55,13.57,13.45,13.49,105451,BBOZ
20190218,13.25,13.4,13.22,13.4,152269,BBOZ
20190219,13.32,13.33,13.19,13.26,236975,BBOZ
20190220,13.23,13.38,13.16,13.31,113862,BBOZ
20190221,13.22,13.38,13,13.1,228015,BBOZ
20190222,13.07,13.09,12.85,12.88,322111,BBOZ
20190225,12.78,12.94,12.78,12.81,335846,BBOZ
20190226,12.92,13.2,12.92,13.09,148684,BBOZ
20190227,13,13.06,12.9,12.93,168231,BBOZ
20190228,12.84,12.98,12.78,12.82,279882,BBOZ
20190301,12.78,12.78,12.57,12.65,361266,BBOZ
20190304,12.49,12.52,12.4,12.5,271566,BBOZ
20190305,12.66,12.7,12.55,12.58,285568,BBOZ
20190306,12.54,12.56,12.36,12.37,264977,BBOZ
20190307,12.2,12.26,12.16,12.22,276247,BBOZ
20190308,12.32,12.5,12.3,12.5,321917,BBOZ
20190311,12.61,12.63,12.53,12.58,331465,BBOZ
20190312,12.39,12.61,12.39,12.61,192124,BBOZ
20190313,12.67,12.83,12.67,12.69,283590,BBOZ
20190314,12.57,12.71,12.57,12.6,178292,BBOZ
20190315,12.48,12.64,12.48,12.62,91627,BBOZ
20190318,12.54,12.63,12.49,12.54,157929,BBOZ
20190319,12.49,12.61,12.48,12.58,160440,BBOZ
20190320,12.66,12.69,12.59,12.65,210795,BBOZ
20190321,12.7,12.81,12.62,12.66,175898,BBOZ
20190322,12.49,12.54,12.37,12.53,317080,BBOZ
20190325,12.77,12.91,12.74,12.85,466643,BBOZ
20190326,12.87,12.87,12.79,12.83,119592,BBOZ
20190327,12.86,12.97,12.81,12.82,149649,BBOZ
20190328,12.86,12.89,12.62,12.63,176006,BBOZ
20190329,12.57,12.59,12.44,12.59,193190,BBOZ
20190401,12.45,12.45,12.34,12.42,270343,BBOZ
20190402,12.32,12.32,12.18,12.31,193874,BBOZ
20190403,12.16,12.23,12.09,12.1,310939,BBOZ
20190404,12.19,12.42,12.19,12.37,123500,BBOZ
20190405,12.46,12.66,12.46,12.61,187428,BBOZ
20190408,12.5,12.52,12.42,12.43,311673,BBOZ
20190409,12.39,12.49,12.38,12.43,74512,BBOZ
20190410,12.5,12.52,12.36,12.42,300088,BBOZ
20190411,12.51,12.6,12.49,12.54,145293,BBOZ
20190412,12.4,12.41,12.29,12.29,271972,BBOZ
20190415,12.28,12.35,12.26,12.3,102932,BBOZ
20190416,12.35,12.35,12.14,12.17,131072,BBOZ
20190417,12.15,12.3,12.14,12.26,80820,BBOZ
20190418,12.06,12.3,12.03,12.27,76471,BBOZ
20190423,12.17,12.17,11.96,11.97,396583,BBOZ
20190424,11.8,11.81,11.64,11.68,353197,BBOZ
20190426,11.66,11.76,11.65,11.67,222901,BBOZ
20190429,11.72,11.85,11.7,11.79,133073,BBOZ
20190430,11.85,12,11.85,11.94,188080,BBOZ
20190501,11.84,11.86,11.71,11.73,165493,BBOZ
20190502,11.88,11.96,11.85,11.9,117425,BBOZ
20190503,11.88,11.93,11.82,11.91,141694,BBOZ
20190506,12.15,12.33,12.05,12.16,179494,BBOZ
20190507,12.04,12.13,11.89,12.1,208077,BBOZ
20190508,12.33,12.36,12.21,12.24,259948,BBOZ
20190509,12.25,12.26,12.07,12.11,124960,BBOZ
20190510,12.15,12.17,12,12.05,364870,BBOZ
20190513,12.05,12.1,12.03,12.03,181488,BBOZ
20190514,12.33,12.44,12.26,12.28,299746,BBOZ
20190515,12.19,12.25,12.03,12.05,179807,BBOZ
20190516,11.98,12.03,11.84,11.84,227569,BBOZ
20190517,11.52,11.66,11.47,11.64,380587,BBOZ
20190520,11.25,11.29,11.13,11.13,522429,BBOZ
20190521,11.23,11.25,11.03,11.03,347939,BBOZ
20190522,11.02,11.12,10.99,11,175303,BBOZ
20190523,11.05,11.11,11.02,11.06,293642,BBOZ
20190524,11.2,11.28,11.18,11.22,261229,BBOZ
20190527,11.2,11.24,11.18,11.21,77736,BBOZ
20190528,11.17,11.17,11.06,11.09,175991,BBOZ
20190529,11.28,11.37,11.28,11.3,190070,BBOZ
20190530,11.45,11.52,11.44,11.48,185140,BBOZ
20190531,11.54,11.59,11.46,11.46,125516,BBOZ
20190603,11.61,11.75,11.59,11.75,221187,BBOZ
20190604,11.74,11.77,11.67,11.69,211776,BBOZ
20190605,11.46,11.62,11.45,11.6,196612,BBOZ
20190606,11.55,11.55,11.42,11.5,96689,BBOZ
20190607,11.37,11.43,11.26,11.26,123346,BBOZ
20190611,11.1,11.1,10.86,10.87,228958,BBOZ
20190612,10.81,10.87,10.7,10.87,227209,BBOZ
20190613,10.82,10.89,10.8,10.89,79836,BBOZ
20190614,10.84,10.91,10.82,10.84,189901,BBOZ
20190617,10.84,10.93,10.82,10.91,68585,BBOZ
20190618,10.91,10.91,10.76,10.76,78052,BBOZ
20190619,10.58,10.58,10.45,10.47,347322,BBOZ
20190620,10.4,10.47,10.32,10.32,303372,BBOZ
20190621,10.35,10.5,10.3,10.48,326159,BBOZ
20190624,10.51,10.58,10.42,10.42,113982,BBOZ
20190625,10.47,10.47,10.34,10.42,183113,BBOZ
20190626,10.55,10.55,10.44,10.5,127659,BBOZ
20190627,10.54,10.6,10.38,10.4,437298,BBOZ
20190628,10.41,10.54,10.41,10.54,172556,BBOZ
20190701,10.34,10.44,10.34,10.37,150482,BBOZ
20190702,10.34,10.44,10.27,10.4,296773,BBOZ
20190703,10.45,10.45,10.25,10.27,179616,BBOZ
20190704,10.16,10.17,10.09,10.11,220908,BBOZ
20190705,10.09,10.15,9.95,10.03,165683,BBOZ
20190708,10.16,10.34,10.16,10.3,136850,BBOZ
20190709,10.37,10.45,10.34,10.4,205122,BBOZ
20190710,10.27,10.29,10.18,10.26,241213,BBOZ
20190711,10.26,10.28,10.12,10.17,137119,BBOZ
20190712,10.22,10.26,10.17,10.24,145931,BBOZ
20190715,10.38,10.47,10.33,10.38,233926,BBOZ
20190716,10.42,10.45,10.38,10.43,178718,BBOZ
20190717,10.52,10.53,10.31,10.33,224023,BBOZ
20190718,10.38,10.51,10.38,10.45,305237,BBOZ
20190719,10.42,10.42,10.22,10.22,211542,BBOZ
20190722,10.26,10.33,10.19,10.27,125610,BBOZ
20190723,10.22,10.22,10.12,10.15,113125,BBOZ
20190724,9.99,10.02,9.9,9.93,403613,BBOZ
20190725,9.87,9.93,9.77,9.77,302991,BBOZ
20190726,9.85,9.89,9.8,9.85,255813,BBOZ
20190729,9.8,9.82,9.71,9.71,257577,BBOZ
20190730,9.61,9.69,9.59,9.67,222727,BBOZ
20190731,9.74,9.79,9.71,9.79,120143,BBOZ
20190801,9.9,9.92,9.82,9.87,233514,BBOZ
20190802,9.94,10.02,9.93,9.93,242744,BBOZ
20190805,9.98,9.98,9.96,9.96,20066,BBOZ
20190806,10.96,11.04,10.78,10.91,1079833,BBOZ
20190807,10.97,10.99,10.73,10.77,581934,BBOZ
20190808,10.89,10.97,10.6,10.6,279884,BBOZ
20190809,10.46,10.59,10.46,10.48,296711,BBOZ
20190812,10.58,10.6,10.46,10.46,193313,BBOZ
20190813,10.58,10.6,10.45,10.53,311739,BBOZ
20190814,10.37,10.51,10.34,10.39,129000,BBOZ
20190815,10.82,11.12,10.82,11.1,919455,BBOZ
20190816,11.16,11.19,11.05,11.13,528247,BBOZ
20190819,10.91,10.94,10.86,10.87,173506,BBOZ
20190820,10.8,10.8,10.58,10.58,266201,BBOZ
20190821,10.74,10.86,10.71,10.8,462808,BBOZ
20190822,10.63,10.73,10.61,10.73,70257,BBOZ
20190823,10.74,10.75,10.59,10.62,294083,BBOZ
20190826,11.05,11.06,10.95,10.95,422279,BBOZ
20190827,10.89,10.95,10.78,10.82,179876,BBOZ
20190828,10.82,10.83,10.68,10.68,117389,BBOZ
20190829,10.66,10.78,10.62,10.64,154464,BBOZ
20190830,10.45,10.46,10.23,10.27,487498,BBOZ
20190902,10.35,10.42,10.25,10.34,436520,BBOZ
20190903,10.41,10.41,10.28,10.36,131971,BBOZ
20190904,10.56,10.63,10.43,10.43,244946,BBOZ
20190905,10.31,10.31,10.08,10.14,353723,BBOZ
20190906,10.04,10.04,9.94,9.98,821629,BBOZ
20190909,10.03,10.03,9.93,9.97,152386,BBOZ
20190910,10.03,10.16,10,10.11,289571,BBOZ
20190911,10.02,10.08,10,10,157384,BBOZ
20190912,9.86,9.97,9.79,9.94,203016,BBOZ
20190913,9.87,9.93,9.85,9.89,228737,BBOZ
20190916,9.98,9.98,9.85,9.87,229366,BBOZ
20190917,9.94,9.96,9.78,9.78,349378,BBOZ
20190918,9.74,9.85,9.74,9.83,249227,BBOZ
20190919,9.69,9.75,9.59,9.67,468703,BBOZ
20190920,9.57,9.64,9.48,9.62,429431,BBOZ
20190923,9.55,9.57,9.51,9.56,215375,BBOZ
20190924,9.57,9.59,9.54,9.55,243633,BBOZ
20190925,9.76,9.77,9.65,9.72,682350,BBOZ
20190926,9.68,9.86,9.67,9.84,302358,BBOZ
20190927,9.76,9.76,9.68,9.7,446622,BBOZ
20190930,9.73,9.78,9.63,9.78,316741,BBOZ
20191001,9.78,9.79,9.6,9.62,496144,BBOZ
20191002,9.82,9.96,9.82,9.96,359580,BBOZ
20191003,10.38,10.51,10.38,10.45,1659044,BBOZ
20191004,10.4,10.47,10.33,10.36,621611,BBOZ
20191007,10.25,10.31,10.22,10.22,220889,BBOZ
20191008,10.13,10.16,10.08,10.1,272180,BBOZ
20191009,10.34,10.37,10.26,10.27,350356,BBOZ
20191010,10.3,10.33,10.19,10.26,240514,BBOZ
20191011,10.06,10.13,10.04,10.07,232983,BBOZ
20191014,9.9,9.95,9.82,9.94,437219,BBOZ
20191015,10,10.02,9.895,9.91,163318,BBOZ
20191016,9.75,9.77,9.62,9.62,465903,BBOZ
20191017,9.61,9.81,9.6,9.8,334556,BBOZ
20191018,9.88,9.99,9.85,9.93,268946,BBOZ
20191021,10.02,10.05,9.91,9.91,128322,BBOZ
20191022,9.9,9.94,9.82,9.85,154475,BBOZ
20191023,9.9,9.98,9.87,9.87,279816,BBOZ
20191024,9.71,9.78,9.7,9.77,228196,BBOZ
20191025,9.66,9.66,9.62,9.64,277789,BBOZ
20191028,9.56,9.63,9.53,9.63,235561,BBOZ
20191029,9.57,9.64,9.55,9.6,159348,BBOZ
20191030,9.68,9.83,9.67,9.82,320693,BBOZ
20191031,9.82,9.96,9.8,9.88,246200,BBOZ
20191101,9.94,9.97,9.84,9.86,222338,BBOZ
20191104,9.77,9.86,9.74,9.83,417298,BBOZ
20191105,9.7,9.82,9.69,9.76,378269,BBOZ
20191106,9.74,9.91,9.7,9.89,295634,BBOZ
20191107,9.84,9.84,9.66,9.67,361956,BBOZ
20191108,9.64,9.73,9.61,9.69,249757,BBOZ
20191111,9.57,9.57,9.47,9.49,531789,BBOZ
20191112,9.44,9.57,9.41,9.53,257668,BBOZ
20191113,9.47,9.7,9.46,9.68,350053,BBOZ
20191114,9.67,9.7,9.5,9.55,143773,BBOZ
20191115,9.48,9.48,9.32,9.35,519459,BBOZ
20191118,9.37,9.49,9.35,9.44,352442,BBOZ
20191119,9.41,9.45,9.28,9.28,264240,BBOZ
20191120,9.41,9.61,9.41,9.58,488686,BBOZ
20191121,9.75,9.87,9.67,9.75,312019,BBOZ
20191122,9.65,9.65,9.57,9.61,121340,BBOZ
20191125,9.53,9.55,9.46,9.53,132779,BBOZ
20191126,9.45,9.45,9.32,9.37,292348,BBOZ
20191127,9.36,9.37,9.15,9.16,340366,BBOZ
20191128,9.04,9.12,9.02,9.11,252432,BBOZ
20191129,9.01,9.17,9.01,9.17,167164,BBOZ
20191202,9.12,9.18,9.02,9.1,413944,BBOZ
20191203,9.42,9.65,9.41,9.61,759021,BBOZ
20191204,9.89,10.02,9.87,9.96,1182341,BBOZ
20191205,9.78,9.81,9.71,9.73,432525,BBOZ
20191206,9.7,9.7,9.61,9.63,175132,BBOZ
20191209,9.52,9.61,9.51,9.54,199506,BBOZ
20191210,9.59,9.65,9.54,9.63,185750,BBOZ
20191211,9.59,9.59,9.49,9.49,138936,BBOZ
20191212,9.54,9.65,9.52,9.63,77126,BBOZ
20191213,9.54,9.56,9.48,9.52,114554,BBOZ
20191216,9.4,9.4,9.1,9.15,541509,BBOZ
20191217,9.12,9.18,9.08,9.16,313292,BBOZ
20191218,9.14,9.21,9.11,9.15,429873,BBOZ
20191219,9.09,9.26,9.08,9.23,511476,BBOZ
20191220,9.26,9.3,9.19,9.25,208905,BBOZ
20191223,9.31,9.38,9.31,9.38,186388,BBOZ
20191224,9.41,9.41,9.37,9.38,65418,BBOZ
20191227,9.34,9.36,9.28,9.28,112231,BBOZ
20191230,9.28,9.43,9.28,9.29,344283,BBOZ
20191231,9.5,9.7,9.48,9.7,367826,BBOZ
20200102,9.78,9.78,9.63,9.69,220522,BBOZ
20200103,9.44,9.55,9.35,9.55,541957,BBOZ
20200106,9.63,9.71,9.51,9.51,346029,BBOZ
20200107,9.38,9.38,9.18,9.18,396267,BBOZ
20200108,9.19,9.47,9.19,9.25,1011033,BBOZ
20200109,9.06,9.12,9,9.08,590023,BBOZ
20200110,8.96,8.97,8.85,8.85,794793,BBOZ
20200113,9.02,9.04,8.97,8.97,566659,BBOZ
20200114,8.89,8.89,8.76,8.77,505649,BBOZ
20200115,8.75,8.75,8.65,8.67,494914,BBOZ
20200116,8.53,8.545,8.49,8.5,634711,BBOZ
20200117,8.38,8.43,8.36,8.43,427333,BBOZ
20200120,8.39,8.41,8.36,8.39,386712,BBOZ
20200121,8.4,8.5,8.39,8.44,426011,BBOZ
20200122,8.42,8.43,8.22,8.24,751079,BBOZ
20200123,8.27,8.42,8.26,8.37,566088,BBOZ
20200124,8.33,8.36,8.28,8.36,311313,BBOZ
20200128,8.7,8.72,8.6,8.63,678451,BBOZ
20200129,8.52,8.57,8.48,8.52,611241,BBOZ
20200130,8.53,8.65,8.52,8.59,598294,BBOZ
20200131,8.53,8.6,8.5,8.58,195794,BBOZ
20200203,8.9,8.91,8.77,8.82,1381822,BBOZ
20200204,8.86,8.87,8.72,8.77,679512,BBOZ
20200205,8.59,8.73,8.59,8.68,364609,BBOZ
20200206,8.51,8.59,8.48,8.49,425205,BBOZ
20200207,8.48,8.61,8.47,8.58,333620,BBOZ
20200210,8.55,8.68,8.54,8.61,388106,BBOZ
20200211,8.5,8.5,8.42,8.48,422943,BBOZ
20200212,8.4,8.44,8.36,8.38,525187,BBOZ
20200213,8.25,8.39,8.21,8.36,713874,BBOZ
20200214,8.35,8.35,8.24,8.26,810972,BBOZ
20200217,8.28,8.33,8.26,8.27,456065,BBOZ
20200218,8.3,8.35,8.29,8.29,329534,BBOZ
20200219,8.29,8.29,8.17,8.17,721354,BBOZ
20200220,8.11,8.14,8.02,8.14,702748,BBOZ
20200221,8.15,8.2,8.14,8.18,280577,BBOZ
20200224,8.45,8.66,8.43,8.6,1613097,BBOZ
20200225,9.09,9.13,8.83,8.92,1767763,BBOZ
20200226,9.31,9.42,9.21,9.35,2304801,BBOZ
20200227,9.45,9.6,9.3,9.52,2811915,BBOZ
20200228,10.1,10.26,9.98,10.24,2956838,BBOZ
20200302,10.61,10.83,10.3,10.35,4130848,BBOZ
20200303,10.06,10.17,9.84,10.17,2793155,BBOZ
20200304,10.46,10.63,10.36,10.59,2244541,BBOZ
20200305,10.13,10.34,10.05,10.25,1641130,BBOZ
20200306,10.62,10.87,10.55,10.87,2377793,BBOZ
20200309,11.6,12.58,11.5,12.58,3032615,BBOZ
20200310,13.55,13.7,11.64,11.64,4310518,BBOZ
20200311,11.7,12.6,11.48,12.6,5140195,BBOZ
20200312,13.22,14.95,13.08,14.75,8239074,BBOZ
20200313,17.549999,17.57,13.65,13.65,7576324,BBOZ
20200316,15.29,16,14.25,15.49,5674438,BBOZ
20200317,16.5,16.75,13.71,13.97,5235747,BBOZ
20200318,14.5,16.52,14.4,15.86,3487991,BBOZ
20200319,15.56,17.65,14.91,17.209999,5215199,BBOZ
20200320,16.200001,17.299999,15.6,17.1,4129433,BBOZ
20200323,18.700001,20.15,18.4,18.99,4912736,BBOZ
20200324,18.5,18.5,17.059999,17.200001,3632059,BBOZ
20200325,14.78,16.6,14.04,14.85,5474689,BBOZ
20200326,14.45,14.5,13.39,13.97,5984995,BBOZ
20200327,12.95,15.61,12.8,15.55,6603567,BBOZ
20200330,16.01,16.040001,13.75,13.75,4909046,BBOZ
20200331,12.9,14.47,11.98,13.9,9803272,BBOZ
20200401,13.45,13.59,12.72,13,6471975,BBOZ
20200402,13.9,14,13.14,13.32,4853401,BBOZ
20200403,12.9,14.12,12.85,13.79,5187849,BBOZ
20200406,13.54,13.64,12.49,12.65,4834961,BBOZ
20200407,11.95,13.18,11.73,12.74,8122657,BBOZ
20200408,13.33,13.6,12.37,12.93,6775803,BBOZ
20200409,12.5,12.88,12.05,12.05,4179848,BBOZ
20200414,12.1,12.15,11.39,11.42,3818136,BBOZ
20200415,11.3,11.79,11.18,11.56,3590791,BBOZ
20200416,12.21,12.28,11.74,11.74,4048550,BBOZ
20200417,11.32,11.48,11.04,11.4,3712358,BBOZ
20200420,11.64,12.05,11.4,12.05,2629638,BBOZ
20200421,12.4,12.77,12.11,12.65,3597899,BBOZ
20200422,13.15,13.42,12.52,12.63,4646948,BBOZ
20200423,12.4,12.97,12.36,12.76,2400304,BBOZ
20200424,12.84,12.85,12.51,12.6,2443023,BBOZ
20200427,12.56,12.82,12.12,12.2,2899110,BBOZ
20200428,12.2,12.42,11.85,12.2,2634964,BBOZ
20200429,12.07,12.2,11.81,11.81,2385925,BBOZ
20200430,11.41,11.52,10.86,11.09,4269479,BBOZ
20200501,11.51,12.19,11.48,12.19,4383667,BBOZ
20200504,12.6,12.74,11.83,11.89,3740631,BBOZ
20200505,11.75,11.75,11.37,11.39,2603774,BBOZ
20200506,11.44,11.72,11.39,11.54,1824527,BBOZ
20200507,11.68,11.72,11.42,11.64,1556105,BBOZ
20200508,11.44,11.47,11.26,11.45,1451909,BBOZ
20200511,11.23,11.28,10.92,11.09,2526618,BBOZ
20200512,11.16,11.49,11.15,11.34,2049393,BBOZ
20200513,11.8,11.85,11.32,11.32,1966388,BBOZ
20200514,11.7,11.7,11.43,11.68,2053614,BBOZ
20200515,11.49,11.61,11.31,11.37,1540883,BBOZ
20200518,11.05,11.14,10.97,11.07,2653582,BBOZ
20200519,10.5,10.68,10.37,10.61,3772281,BBOZ
20200520,10.91,10.94,10.47,10.57,2247762,BBOZ
20200521,10.32,10.68,10.28,10.64,2727531,BBOZ
20200522,10.61,10.91,10.54,10.88,2140238,BBOZ
20200525,10.5,10.56,10.37,10.37,2857613,BBOZ
20200526,10.16,10.21,9.67,9.67,5173524,BBOZ
20200527,9.7,9.84,9.33,9.59,3735708,BBOZ
20200528,9.4,9.4,9.02,9.28,4654926,BBOZ
20200529,9.42,9.65,9.38,9.6,4331902,BBOZ
20200601,9.78,9.9,9.41,9.41,2394179,BBOZ
20200602,9.43,9.49,9.26,9.32,1994513,BBOZ
20200603,9.16,9.19,8.92,8.95,2688251,BBOZ
20200604,8.62,8.95,8.56,8.77,4098431,BBOZ
20200605,8.78,8.87,8.65,8.7,2552875,BBOZ
20200609,8.17,8.24,7.96,8.15,5393955,BBOZ
20200610,8.3,8.31,8.03,8.14,3046336,BBOZ
20200611,8.45,8.76,8.31,8.75,3646200,BBOZ
20200612,9.49,9.5,8.97,9.03,6151875,BBOZ
20200615,9.13,9.5,9.03,9.5,4345640,BBOZ
20200616,8.83,8.98,8.58,8.67,5271416,BBOZ
20200617,8.51,8.77,8.49,8.52,3167706,BBOZ
20200618,8.63,8.91,8.61,8.75,3253405,BBOZ
20200619,8.55,8.75,8.49,8.71,2846308,BBOZ
20200622,8.93,8.95,8.62,8.72,2256791,BBOZ
20200623,8.55,8.95,8.5,8.68,3238523,BBOZ
20200624,8.64,8.71,8.53,8.61,1718224,BBOZ
20200625,8.98,9.14,8.79,9.14,4594391,BBOZ
20200626,8.96,9.05,8.82,8.83,3024829,BBOZ
20200629,9.2,9.27,9.02,9.14,3980087,BBOZ
20200630,8.76,8.88,8.62,8.8,3773575,BBOZ
20200701,8.79,8.85,8.63,8.73,2701634,BBOZ
20200702,8.62,8.66,8.34,8.37,3975476,BBOZ
20200703,8.26,8.38,8.08,8.26,4665602,BBOZ
20200706,8.26,8.38,8.17,8.38,2571360,BBOZ
20200707,8.22,8.43,8.17,8.4,3655774,BBOZ
20200708,8.5,8.73,8.38,8.73,4781157,BBOZ
20200709,8.56,8.63,8.46,8.58,2957096,BBOZ
20200710,8.65,8.8,8.61,8.73,3131218,BBOZ
20200713,8.45,8.64,8.42,8.52,3098553,BBOZ
20200714,8.7,8.73,8.58,8.65,2486913,BBOZ
20200715,8.44,8.46,8.27,8.27,4159685,BBOZ
20200716,8.16,8.48,8.12,8.42,3305650,BBOZ
20200717,8.35,8.44,8.29,8.33,2660848,BBOZ
20200720,8.3,8.47,8.3,8.43,1911537,BBOZ
20200721,8.3,8.3,7.86,7.88,5282288,BBOZ
20200722,7.97,8.18,7.96,8.13,2317135,BBOZ
20200723,8.15,8.2,8.03,8.06,1713646,BBOZ
20200724,8.22,8.31,8.19,8.26,2507389,BBOZ
20200727,8.3,8.35,8.21,8.21,1559783,BBOZ
20200728,8.11,8.28,8,8.26,2708701,BBOZ
20200729,8.28,8.34,8.2,8.3,1391778,BBOZ
20200730,8.2,8.25,8.15,8.21,1548759,BBOZ
20200731,8.27,8.68,8.27,8.59,3689158,BBOZ
20200803,8.68,8.81,8.51,8.58,3038959,BBOZ
20200804,8.27,8.27,8.14,8.19,3734982,BBOZ
20200805,8.29,8.44,8.28,8.33,2064112,BBOZ
20200806,8.2,8.28,8.15,8.19,1842915,BBOZ
20200807,8.27,8.34,8.22,8.3,1337911,BBOZ
20200810,8.18,8.19,7.9,7.94,4537793,BBOZ
20200811,7.95,7.97,7.7,7.85,4741756,BBOZ
20200812,7.85,7.98,7.8,7.88,1521545,BBOZ
20200813,7.74,8.08,7.74,8.05,2514614,BBOZ
20200814,7.99,8.01,7.87,7.91,2216477,BBOZ
20200817,8.09,8.16,8.03,8.11,2133755,BBOZ
20200818,8.03,8.09,7.88,7.93,2162312,BBOZ
20200819,7.87,7.95,7.68,7.76,3041528,BBOZ
20200820,7.93,8.01,7.89,7.92,2327488,BBOZ
20200821,7.85,7.99,7.78,7.97,1491211,BBOZ
20200824,7.99,8.04,7.86,7.87,1457020,BBOZ
20200825,7.69,7.85,7.63,7.77,2406704,BBOZ
20200826,7.86,8.01,7.84,7.9,2169213,BBOZ
20200827,7.86,7.89,7.76,7.87,1563236,BBOZ
20200828,7.97,8.09,7.94,8.04,2086862,BBOZ
20200831,8.05,8.07,7.95,8.05,1319076,BBOZ
20200901,8.25,8.55,8.25,8.4,3481833,BBOZ
20200902,8.26,8.26,8,8.02,2265949,BBOZ
20200903,7.81,7.91,7.77,7.82,3096514,BBOZ
20200904,8.29,8.48,8.27,8.46,4132750,BBOZ
20200907,8.6,8.64,8.34,8.39,1968617,BBOZ
20200908,8.25,8.31,8.12,8.19,1662184,BBOZ
20200909,8.6,8.69,8.53,8.6,2326763,BBOZ
20200910,8.31,8.6,8.29,8.5,1778230,BBOZ
20200911,8.68,8.76,8.6,8.66,1735977,BBOZ
20200914,8.52,8.59,8.49,8.53,1175562,BBOZ
20200915,8.47,8.58,8.45,8.55,1147075,BBOZ
20200916,8.4,8.42,8.32,8.34,1526010,BBOZ
20200917,8.33,8.59,8.33,8.59,1646083,BBOZ
20200918,8.54,8.65,8.46,8.62,1317778,BBOZ
20200921,8.7,8.83,8.64,8.77,1276931,BBOZ
20200922,8.93,8.98,8.87,8.9,1839868,BBOZ
20200923,8.68,8.7,8.39,8.43,2692466,BBOZ
20200924,8.71,8.78,8.58,8.59,2537150,BBOZ
20200925,8.5,8.5,8.27,8.3,2470544,BBOZ
20200928,8.3,8.37,8.26,8.35,925143,BBOZ
20200929,8.23,8.4,8.19,8.34,1019555,BBOZ
20200930,8.52,8.8,8.48,8.8,3030730,BBOZ
20201001,8.69,8.71,8.47,8.61,1973769,BBOZ
20201002,8.7,8.93,8.68,8.88,2539396,BBOZ
20201005,8.58,8.58,8.37,8.37,2369778,BBOZ
20201006,8.32,8.48,8.31,8.31,1336587,BBOZ
20201007,8.35,8.37,8.03,8.05,3998368,BBOZ
20201008,7.96,7.96,7.77,7.84,4726705,BBOZ
20201009,7.8,7.89,7.75,7.83,2126680,BBOZ
20201012,7.84,7.87,7.72,7.72,1380804,BBOZ
20201013,7.59,7.59,7.46,7.5,5360369,BBOZ
20201014,7.57,7.59,7.5,7.55,1916662,BBOZ
20201015,7.53,7.53,7.4,7.46,2126740,BBOZ
20201016,7.49,7.6,7.45,7.55,1515642,BBOZ
20201019,7.46,7.46,7.36,7.4,2092758,BBOZ
20201020,7.48,7.54,7.38,7.53,1917616,BBOZ
20201021,7.52,7.55,7.48,7.52,689429,BBOZ
20201022,7.69,7.78,7.56,7.57,1668356,BBOZ
20201023,7.53,7.64,7.53,7.58,936239,BBOZ
20201026,7.6,7.62,7.48,7.62,992391,BBOZ
20201027,7.75,7.96,7.75,7.9,2245107,BBOZ
20201028,8.02,8.03,7.85,7.88,1330594,BBOZ
20201029,8.15,8.23,8.07,8.16,5239185,BBOZ
20201030,8.13,8.28,8.1,8.28,3747871,BBOZ
20201102,8.15,8.33,8.14,8.18,4056309,BBOZ
20201103,8.1,8.12,7.73,7.79,3689017,BBOZ
20201104,7.8,8.07,7.69,7.82,5163156,BBOZ
20201105,7.71,7.76,7.55,7.58,2641169,BBOZ
20201106,7.44,7.5,7.36,7.42,3252630,BBOZ
20201109,7.3,7.32,7.07,7.08,3497678,BBOZ
20201110,6.75,7,6.69,6.97,3547491,BBOZ
20201111,6.76,6.8,6.65,6.67,2953707,BBOZ
20201112,6.58,6.79,6.56,6.74,2732190,BBOZ
20201113,6.81,6.84,6.74,6.75,2716173,BBOZ
20201116,6.62,6.62,6.52,6.52,517512,BBOZ
20201117,6.47,6.54,6.44,6.52,2208617,BBOZ
20201118,6.5,6.5,6.41,6.43,1330075,BBOZ
20201119,6.48,6.53,6.41,6.41,1994077,BBOZ
20201120,6.4,6.44,6.37,6.42,1503455,BBOZ
20201123,6.38,6.38,6.29,6.36,1337100,BBOZ
20201124,6.28,6.29,6.13,6.17,2836213,BBOZ
20201125,6.04,6.08,6.01,6.08,2734977,BBOZ
20201126,6.06,6.18,6.06,6.18,608216,BBOZ
20201127,6.24,6.3,6.2,6.28,1703928,BBOZ
20201130,6.2,6.45,6.17,6.45,1872968,BBOZ
20201201,6.43,6.48,6.23,6.3,1224075,BBOZ
20201202,6.22,6.37,6.22,6.29,929786,BBOZ
20201203,6.23,6.26,6.2,6.23,397661,BBOZ
20201204,6.22,6.23,6.15,6.19,553019,BBOZ
20201207,6.08,6.15,6,6.09,829159,BBOZ
20201208,6.11,6.14,6.04,6.06,571971,BBOZ
20201209,6,6,5.93,5.96,1029358,BBOZ
20201210,6.02,6.09,6,6.07,1012173,BBOZ
20201211,6.14,6.19,6.11,6.17,589327,BBOZ
20201214,6.15,6.16,6.05,6.12,865540,BBOZ
20201215,6.14,6.21,6.14,6.19,1411132,BBOZ
20201216,6.06,6.07,5.98,6.07,1481324,BBOZ
20201217,6.02,6.02,5.9,5.91,1306309,BBOZ
20201218,5.92,6.09,5.92,6.09,1423517,BBOZ
20201221,6.11,6.19,6.09,6.11,1025522,BBOZ
20201222,6.14,6.31,6.14,6.28,1823230,BBOZ
20201223,6.19,6.21,6.13,6.16,693270,BBOZ
20201224,6.05,6.11,6.04,6.11,747818,BBOZ
20201229,5.98,6.09,5.98,6.02,866235,BBOZ
20201230,6.06,6.18,6.05,6.06,453215,BBOZ
20201231,6.12,6.27,6.07,6.27,734844,BBOZ
20210104,6.23,6.23,6.05,6.05,1237921,BBOZ
20210105,6.16,6.19,6.06,6.06,1942461,BBOZ
20210106,6.12,6.28,6.09,6.24,1235262,BBOZ
20210107,6,6.05,5.93,5.98,1864348,BBOZ
20210108,5.92,5.98,5.89,5.89,1192618,BBOZ
20210111,5.89,6.04,5.88,6.03,1111757,BBOZ
20210112,6.02,6.05,5.94,6.05,912516,BBOZ
20210113,6.08,6.12,6.03,6.05,640645,BBOZ
20210114,6.05,6.09,5.96,5.97,774721,BBOZ
20210115,5.95,5.98,5.9,5.98,1396145,BBOZ
20210118,6.05,6.13,6.02,6.1,1257158,BBOZ
20210119,6.01,6.01,5.9,5.91,1001525,BBOZ
20210120,5.89,5.89,5.81,5.84,1320332,BBOZ
20210121,5.7,5.77,5.69,5.73,1364692,BBOZ
20210122,5.74,5.78,5.73,5.76,977487,BBOZ
20210125,5.75,5.75,5.7,5.72,1026471,BBOZ
20210127,5.76,5.84,5.73,5.81,971074,BBOZ
20210128,5.99,6.17,5.98,6.07,2130569,BBOZ
20210129,5.92,6.19,5.9,6.15,1599673,BBOZ
20210201,6.23,6.33,6.01,6.03,2890428,BBOZ
20210202,5.94,5.96,5.82,5.84,1950537,BBOZ
20210203,5.75,5.77,5.66,5.72,1948327,BBOZ
20210204,5.71,5.86,5.71,5.84,2051275,BBOZ
20210205,5.69,5.74,5.67,5.68,1680912,BBOZ
20210208,5.69,5.69,5.57,5.61,2138735,BBOZ
20210209,5.62,5.73,5.6,5.73,1147661,BBOZ
20210210,5.69,5.72,5.64,5.65,1125665,BBOZ
20210211,5.69,5.7,5.62,5.67,1006183,BBOZ
20210212,5.7,5.77,5.67,5.76,1135276,BBOZ
20210215,5.69,5.69,5.61,5.63,1198699,BBOZ
20210216,5.56,5.6,5.52,5.52,1517886,BBOZ
20210217,5.53,5.63,5.51,5.58,1829473,BBOZ
20210218,5.58,5.6,5.55,5.57,1375949,BBOZ
20210219,5.63,5.81,5.61,5.75,2521877,BBOZ
20210222,5.76,5.8,5.72,5.78,999424,BBOZ
20210223,5.78,5.8,5.65,5.65,1281424,BBOZ
20210224,5.7,5.8,5.67,5.78,1356091,BBOZ
20210225,5.67,5.69,5.6,5.65,1231459,BBOZ
20210226,5.84,6,5.83,5.96,4053665,BBOZ
20210301,5.89,5.9,5.71,5.71,2041412,BBOZ
20210302,5.6,5.76,5.58,5.76,1509855,BBOZ
20210303,5.74,5.75,5.65,5.65,1076629,BBOZ
20210304,5.74,5.82,5.69,5.72,1759289,BBOZ
20210305,5.77,5.92,5.75,5.83,1725052,BBOZ
20210308,5.6,5.75,5.57,5.74,1730355,BBOZ
20210309,5.64,5.73,5.61,5.68,1119397,BBOZ
20210310,5.63,5.79,5.61,5.79,872457,BBOZ
20210311,5.71,5.93,5.71,5.79,915493,BBOZ
20210312,5.72,5.74,5.66,5.69,1053417,BBOZ
20210315,5.7,5.77,5.64,5.69,1591959,BBOZ
20210316,5.63,5.67,5.51,5.57,2335893,BBOZ
20210317,5.61,5.7,5.59,5.64,1314248,BBOZ
20210318,5.65,5.74,5.62,5.74,907447,BBOZ
20210319,5.82,5.88,5.75,5.8,1107298,BBOZ
20210322,5.84,5.84,5.69,5.72,770370,BBOZ
20210323,5.72,5.74,5.66,5.74,722133,BBOZ
20210324,5.73,5.76,5.63,5.65,1089322,BBOZ
20210325,5.69,5.69,5.62,5.65,848101,BBOZ
20210326,5.61,5.61,5.55,5.57,1033451,BBOZ
20210329,5.5,5.63,5.5,5.62,677665,BBOZ
20210330,5.56,5.75,5.55,5.74,1311759,BBOZ
20210331,5.65,5.67,5.5,5.64,3057251,BBOZ
20210401,5.6,5.66,5.56,5.56,1353199,BBOZ
20210406,5.39,5.48,5.37,5.45,1473998,BBOZ
20210407,5.42,5.44,5.36,5.37,1488126,BBOZ
20210408,5.28,5.29,5.2,5.23,2276048,BBOZ
20210409,5.25,5.3,5.23,5.23,1098609,BBOZ
20210412,5.25,5.31,5.24,5.27,812380,BBOZ
20210413,5.26,5.3,5.23,5.28,520206,BBOZ
20210414,5.24,5.27,5.18,5.18,1470914,BBOZ
20210415,5.23,5.26,5.09,5.11,1910444,BBOZ
20210416,5.07,5.18,5.07,5.1,1217821,BBOZ
20210419,5.07,5.1,5.04,5.1,1633464,BBOZ
20210420,5.14,5.19,5.13,5.18,1281401,BBOZ
20210421,5.3,5.37,5.21,5.21,1889047,BBOZ
20210422,5.17,5.22,5.11,5.11,1202372,BBOZ
20210423,5.15,5.16,5.1,5.1,649455,BBOZ
20210426,5.09,5.13,5.09,5.13,421958,BBOZ
20210427,5.11,5.19,5.11,5.16,319089,BBOZ
20210428,5.15,5.15,5.08,5.09,474562,BBOZ
20210429,5.06,5.09,5.04,5.07,758823,BBOZ
20210430,5.11,5.18,5.11,5.15,696526,BBOZ
20210503,5.15,5.17,5.1,5.15,881385,BBOZ
20210504,5.12,5.14,5.09,5.09,792132,BBOZ
20210505,5.12,5.13,5,5.04,1610999,BBOZ
20210506,5.01,5.13,5,5.1,1515325,BBOZ
20210507,5.08,5.12,5.04,5.06,1067630,BBOZ
20210510,5.04,5.04,4.9,4.9,1579538,BBOZ
20210511,4.96,5.07,4.95,5.03,1325980,BBOZ
20210512,5.08,5.19,5.04,5.12,1921856,BBOZ
20210513,5.16,5.22,5.12,5.19,1823704,BBOZ
20210514,5.09,5.14,5.07,5.14,1659382,BBOZ
20210517,5.08,5.12,5.05,5.11,765632,BBOZ
20210518,5.08,5.08,5.02,5.04,1149500,BBOZ
20210519,5.2,5.3,5.18,5.27,2741204,BBOZ
20210520,5.29,5.29,5.11,5.12,1555686,BBOZ
20210521,5.06,5.15,5.05,5.12,589585,BBOZ
20210524,5.12,5.12,5.05,5.08,906351,BBOZ
20210525,5.04,5.04,4.97,4.97,1588847,BBOZ
20210526,4.99,5,4.92,5,2199019,BBOZ
20210527,4.99,5.02,4.96,4.99,975439,BBOZ
20210528,4.9,4.9,4.84,4.85,2579018,BBOZ
20210531,4.82,4.89,4.8,4.88,1563198,BBOZ
20210601,4.89,4.96,4.88,4.91,1557813,BBOZ
20210602,4.88,4.9,4.79,4.8,1451327,BBOZ
20210603,4.77,4.77,4.68,4.72,2852175,BBOZ
20210604,4.74,4.74,4.65,4.66,2022325,BBOZ
20210607,4.63,4.7,4.63,4.68,1649873,BBOZ
20210608,4.67,4.7,4.62,4.66,914041,BBOZ
20210609,4.64,4.69,4.59,4.69,1672284,BBOZ
20210610,4.7,4.7,4.62,4.64,1337719,BBOZ
20210611,4.63,4.69,4.59,4.62,1325040,BBOZ
20210615,4.57,4.57,4.48,4.51,3375525,BBOZ
20210616,4.52,4.52,4.47,4.5,2075904,BBOZ
20210617,4.52,4.57,4.51,4.54,1503301,BBOZ
20210618,4.51,4.53,4.48,4.52,1905154,BBOZ
20210621,4.67,4.75,4.66,4.71,3044733,BBOZ
20210622,4.59,4.6,4.53,4.56,1507555,BBOZ
20210623,4.57,4.63,4.57,4.63,1042717,BBOZ
20210624,4.67,4.69,4.63,4.67,741945,BBOZ
20210625,4.58,4.63,4.56,4.61,617501,BBOZ
20210628,4.6,4.66,4.6,4.61,1036965,BBOZ
20210629,4.65,4.69,4.6,4.6,1556851,BBOZ
20210630,4.53,4.59,4.5,4.59,2077879,BBOZ
20210701,4.58,4.66,4.58,4.65,901407,BBOZ
20210702,4.63,4.63,4.59,4.6,1151788,BBOZ
20210705,4.56,4.59,4.55,4.59,526018,BBOZ
20210706,4.58,4.67,4.54,4.67,1140039,BBOZ
20210707,4.68,4.68,4.56,4.56,1145672,BBOZ
20210708,4.54,4.57,4.49,4.55,2107821,BBOZ
20210709,4.64,4.72,4.62,4.65,2676092,BBOZ
20210712,4.53,4.58,4.52,4.56,1463460,BBOZ
20210713,4.51,4.56,4.49,4.56,2037698,BBOZ
20210714,4.55,4.56,4.51,4.53,2260900,BBOZ
20210715,4.52,4.58,4.52,4.56,1916807,BBOZ
20210716,4.58,4.59,4.54,4.54,1943286,BBOZ
20210719,4.64,4.69,4.61,4.63,2048305,BBOZ
20210720,4.73,4.75,4.63,4.67,2191023,BBOZ
20210721,4.59,4.59,4.53,4.59,1509154,BBOZ
20210722,4.52,4.54,4.48,4.49,2566102,BBOZ
20210723,4.51,4.53,4.47,4.47,2251326,BBOZ
20210726,4.45,4.48,4.44,4.47,1720161,BBOZ
20210727,4.44,4.45,4.4,4.42,2337640,BBOZ
20210728,4.44,4.52,4.43,4.5,2161539,BBOZ
20210729,4.47,4.49,4.44,4.44,1474071,BBOZ
20210730,4.43,4.49,4.42,4.48,1844386,BBOZ
20210802,4.42,4.42,4.32,4.34,2861913,BBOZ
20210803,4.38,4.4,4.34,4.37,2570627,BBOZ
20210804,4.36,4.37,4.31,4.33,1886084,BBOZ
20210805,4.34,4.35,4.29,4.31,2641171,BBOZ
20210806,4.32,4.33,4.28,4.28,2744595,BBOZ
20210809,4.26,4.28,4.24,4.27,1607092,BBOZ
20210810,4.24,4.28,4.21,4.24,2149853,BBOZ
20210811,4.21,4.22,4.16,4.21,3494179,BBOZ
20210812,4.16,4.22,4.15,4.19,3321547,BBOZ
20210813,4.17,4.17,4.12,4.13,2181427,BBOZ
20210816,4.14,4.19,4.14,4.19,1941834,BBOZ
20210817,4.16,4.3,4.16,4.28,3743689,BBOZ
20210818,4.32,4.33,4.25,4.28,1365291,BBOZ
20210819,4.38,4.39,4.33,4.35,2677976,BBOZ
20210820,4.32,4.36,4.28,4.35,2872411,BBOZ
20210823,4.3,4.34,4.29,4.3,2266663,BBOZ
20210824,4.26,4.29,4.26,4.28,1147952,BBOZ
20210825,4.24,4.27,4.22,4.24,2316238,BBOZ
20210826,4.24,4.31,4.24,4.3,1551310,BBOZ
20210827,4.31,4.33,4.29,4.3,1092622,BBOZ
20210830,4.24,4.31,4.23,4.27,2014925,BBOZ
20210831,4.24,4.27,4.19,4.22,3089677,BBOZ
20210901,4.27,4.32,4.22,4.22,2099377,BBOZ
20210902,4.23,4.31,4.21,4.23,2183818,BBOZ
20210903,4.22,4.22,4.16,4.17,2597288,BBOZ
20210906,4.22,4.28,4.16,4.16,1905966,BBOZ
20210907,4.15,4.21,4.14,4.15,1024270,BBOZ
20210908,4.22,4.22,4.17,4.18,1089413,BBOZ
20210909,4.22,4.41,4.22,4.38,2979107,BBOZ
20210910,4.34,4.36,4.29,4.32,1282291,BBOZ
20210913,4.35,4.35,4.28,4.3,1194786,BBOZ
20210914,4.28,4.35,4.26,4.27,3026950,BBOZ
20210915,4.3,4.36,4.29,4.3,2242906,BBOZ
20210916,4.27,4.28,4.2,4.23,1731989,BBOZ
20210917,4.27,4.35,4.27,4.34,1071142,BBOZ
20210920,4.44,4.57,4.42,4.55,2974239,BBOZ
20210921,4.65,4.65,4.49,4.51,2509876,BBOZ
20210922,4.55,4.56,4.42,4.47,3111641,BBOZ
20210923,4.4,4.4,4.34,4.36,1529824,BBOZ
20210924,4.35,4.42,4.34,4.41,1289145,BBOZ
20210927,4.4,4.41,4.29,4.35,1360612,BBOZ
20210928,4.39,4.5,4.39,4.5,1752711,BBOZ
20210929,4.62,4.69,4.59,4.62,2765373,BBOZ
20210930,4.56,4.56,4.42,4.42,3855475,BBOZ
20211001,4.59,4.67,4.57,4.63,3504680,BBOZ
20211004,4.5,4.55,4.46,4.5,2019409,BBOZ
20211005,4.58,4.61,4.52,4.54,3195868,BBOZ
20211006,4.49,4.64,4.48,4.61,2281888,BBOZ
20211007,4.53,4.58,4.52,4.53,1861443,BBOZ
20211008,4.45,4.52,4.43,4.45,3640989,BBOZ
20211011,4.49,4.54,4.47,4.47,5047028,BBOZ
20211012,4.53,4.53,4.42,4.49,2345026,BBOZ
20211013,4.5,4.53,4.48,4.5,1076655,BBOZ
20211014,4.44,4.45,4.38,4.44,2541409,BBOZ
20211015,4.35,4.43,4.35,4.37,4300122,BBOZ
20211018,4.33,4.39,4.33,4.35,2034030,BBOZ
20211019,4.37,4.37,4.31,4.35,1994767,BBOZ
20211020,4.3,4.3,4.25,4.26,2623861,BBOZ
20211021,4.28,4.32,4.25,4.3,2045966,BBOZ
20211022,4.34,4.35,4.28,4.29,1446451,BBOZ
20211025,4.28,4.29,4.21,4.26,1767171,BBOZ
20211026,4.23,4.26,4.22,4.26,926442,BBOZ
20211027,4.25,4.29,4.21,4.25,1874189,BBOZ
20211028,4.3,4.3,4.25,4.27,1482875,BBOZ
20211029,4.25,4.45,4.25,4.45,2247742,BBOZ
20211101,4.34,4.42,4.33,4.35,1181341,BBOZ
20211102,4.33,4.44,4.32,4.43,2119034,BBOZ
20211103,4.34,4.35,4.27,4.32,2400800,BBOZ
20211104,4.29,4.31,4.27,4.27,1698013,BBOZ
20211105,4.25,4.25,4.19,4.21,2186450,BBOZ
20211108,4.19,4.23,4.18,4.21,1292911,BBOZ
20211109,4.21,4.24,4.19,4.23,846618,BBOZ
20211110,4.23,4.28,4.2,4.25,1952701,BBOZ
20211111,4.28,4.4,4.26,4.32,2202944,BBOZ
20211112,4.27,4.27,4.19,4.22,2212106,BBOZ
20211115,4.21,4.21,4.17,4.17,2880661,BBOZ
20211116,4.21,4.28,4.21,4.24,1483849,BBOZ
20211117,4.24,4.36,4.24,4.31,1802386,BBOZ
20211118,4.32,4.36,4.28,4.3,1726294,BBOZ
20211119,4.3,4.32,4.27,4.29,1500689,BBOZ
20211122,4.32,4.37,4.31,4.34,1260628,BBOZ
20211123,4.34,4.35,4.26,4.26,1886758,BBOZ
20211124,4.26,4.3,4.24,4.28,858287,BBOZ
20211125,4.27,4.31,4.26,4.27,1328332,BBOZ
20211126,4.27,4.47,4.27,4.44,2807082,BBOZ
20211129,4.55,4.56,4.45,4.5,5547323,BBOZ
20211130,4.44,4.47,4.36,4.47,3199223,BBOZ
20211201,4.53,4.59,4.47,4.5,3875670,BBOZ
20211202,4.62,4.62,4.5,4.52,2659090,BBOZ
20211203,4.44,4.54,4.43,4.5,1215027,BBOZ
20211206,4.51,4.54,4.46,4.48,2382925,BBOZ
20211207,4.39,4.45,4.36,4.39,2468392,BBOZ
20211208,4.29,4.33,4.2,4.25,3081632,BBOZ
20211209,4.27,4.29,4.23,4.28,2118232,BBOZ
20211210,4.33,4.36,4.31,4.34,1593762,BBOZ
20211213,4.31,4.31,4.24,4.29,2091338,BBOZ
20211214,4.35,4.35,4.27,4.29,3102446,BBOZ
20211215,4.33,4.4,4.31,4.38,2799065,BBOZ
20211216,4.34,4.44,4.34,4.4,3514977,BBOZ
20211217,4.39,4.4,4.33,4.4,2107040,BBOZ
20211220,4.42,4.46,4.4,4.4,2816999,BBOZ
20211221,4.41,4.41,4.31,4.32,2358049,BBOZ
20211222,4.3,4.35,4.3,4.3,2861922,BBOZ
20211223,4.27,4.3,4.25,4.28,1593025,BBOZ
20211224,4.21,4.23,4.21,4.22,1428346,BBOZ
20211229,4.21,4.21,4.07,4.09,3518039,BBOZ
20211230,4.07,4.1,4.07,4.08,1636384,BBOZ
20211231,4.08,4.18,4.08,4.18,2739618,BBOZ
20220104,4.12,4.12,3.96,3.97,4268516,BBOZ
20220105,3.94,4.01,3.93,4,2329828,BBOZ
20220106,4.08,4.28,4.07,4.26,3974051,BBOZ
20220107,4.17,4.18,4.1,4.14,3532375,BBOZ
20220110,4.14,4.19,4.14,4.14,3296016,BBOZ
20220111,4.2,4.23,4.17,4.22,3298771,BBOZ
20220112,4.14,4.18,4.13,4.17,1346336,BBOZ
20220113,4.14,4.15,4.11,4.12,1912938,BBOZ
20220114,4.18,4.22,4.17,4.22,2930969,BBOZ
20220117,4.2,4.23,4.18,4.18,1558984,BBOZ
20220118,4.17,4.21,4.15,4.21,1387578,BBOZ
20220119,4.27,4.3,4.22,4.3,2608256,BBOZ
20220120,4.3,4.34,4.28,4.28,2120417,BBOZ
20220121,4.36,4.52,4.36,4.48,3233824,BBOZ
20220124,4.57,4.61,4.5,4.53,6942465,BBOZ
20220125,4.59,4.85,4.59,4.79,8492712,BBOZ
20220127,4.82,5.09,4.66,4.96,8414348,BBOZ
20220128,4.82,4.96,4.67,4.69,6491033,BBOZ
20220131,4.71,4.8,4.67,4.73,5454615,BBOZ
20220201,4.7,4.78,4.61,4.68,3253096,BBOZ
20220202,4.58,4.59,4.49,4.54,2785306,BBOZ
20220203,4.57,4.61,4.55,4.55,1909027,BBOZ
20220204,4.6,4.61,4.47,4.47,2320499,BBOZ
20220207,4.55,4.61,4.47,4.49,3156822,BBOZ
20220208,4.51,4.51,4.34,4.36,3105992,BBOZ
20220209,4.3,4.37,4.25,4.25,3043363,BBOZ
20220210,4.19,4.25,4.15,4.21,2470240,BBOZ
20220211,4.3,4.36,4.27,4.32,2549775,BBOZ
20220214,4.37,4.37,4.25,4.28,6235439,BBOZ
20220215,4.34,4.35,4.29,4.34,2884565,BBOZ
20220216,4.23,4.31,4.21,4.21,3498814,BBOZ
20220217,4.19,4.21,4.11,4.2,4317864,BBOZ
20220218,4.31,4.33,4.24,4.29,3607311,BBOZ
20220221,4.37,4.4,4.26,4.27,3450469,BBOZ
20220222,4.4,4.46,4.35,4.38,4619645,BBOZ
20220223,4.4,4.41,4.32,4.32,2107746,BBOZ
20220224,4.42,4.61,4.42,4.57,7574218,BBOZ
20220225,4.45,4.59,4.44,4.55,2841906,BBOZ
20220228,4.49,4.57,4.46,4.47,3353519,BBOZ
20220301,4.4,4.41,4.31,4.4,3617018,BBOZ
20220302,4.47,4.48,4.36,4.37,2753451,BBOZ
20220303,4.27,4.3,4.24,4.3,4513087,BBOZ
20220304,4.36,4.49,4.35,4.37,3579604,BBOZ
20220307,4.32,4.5,4.32,4.46,2592975,BBOZ
20220308,4.5,4.54,4.43,4.53,3516651,BBOZ
20220309,4.54,4.55,4.41,4.43,3123492,BBOZ
20220310,4.39,4.41,4.25,4.31,3478703,BBOZ
20220311,4.32,4.42,4.27,4.4,2231236,BBOZ
20220314,4.35,4.35,4.28,4.28,2468685,BBOZ
20220315,4.35,4.37,4.32,4.35,2123916,BBOZ
20220316,4.29,4.31,4.23,4.24,2360877,BBOZ
20220317,4.08,4.14,4.06,4.13,3338609,BBOZ
20220318,4.1,4.13,4.09,4.1,2005981,BBOZ
20220321,4.01,4.09,3.99,4.09,2049687,BBOZ
20220322,3.99,4,3.95,4,2917453,BBOZ
20220323,3.96,3.98,3.93,3.95,1778841,BBOZ
20220324,3.98,4,3.92,3.94,1203748,BBOZ
20220325,3.91,3.93,3.87,3.9,1799030,BBOZ
20220328,3.87,3.895,3.86,3.89,1352746,BBOZ
20220329,3.86,3.87,3.81,3.83,2449053,BBOZ
20220330,3.78,3.79,3.745,3.77,3029142,BBOZ
20220331,3.74,3.78,3.72,3.78,2129261,BBOZ
20220401,3.81,3.82,3.77,3.79,1825260,BBOZ
20220404,3.77,3.78,3.75,3.77,614225,BBOZ
20220405,3.74,3.78,3.69,3.76,2328010,BBOZ
20220406,3.82,3.86,3.79,3.79,1768286,BBOZ
20220407,3.85,3.86,3.83,3.86,1016861,BBOZ
20220408,3.8,3.83,3.8,3.81,696853,BBOZ
20220411,3.8,3.83,3.76,3.81,1329842,BBOZ
20220412,3.84,3.87,3.81,3.84,1616678,BBOZ
20220413,3.84,3.84,3.8,3.81,1273836,BBOZ
20220414,3.79,3.79,3.75,3.75,1056045,BBOZ
20220419,3.75,3.75,3.68,3.7,2215635,BBOZ
20220420,3.66,3.7,3.64,3.7,2013832,BBOZ
20220421,3.65,3.7,3.65,3.67,2807245,BBOZ
20220422,3.77,3.84,3.77,3.81,3493347,BBOZ
20220426,4,4.04,3.97,4,4804763,BBOZ
20220427,4.11,4.11,4.04,4.08,6157247,BBOZ
20220428,4.01,4.01,3.96,3.96,2571226,BBOZ
20220429,3.91,3.91,3.87,3.87,2796288,BBOZ
20220502,3.98,4.03,3.94,3.97,2863542,BBOZ
20220503,4,4.03,3.96,4.01,7039467,BBOZ
20220504,3.94,4.03,3.94,4.02,2548188,BBOZ
20220505,3.94,4,3.94,3.94,3383005,BBOZ
20220506,4.1,4.2,4.08,4.15,5813488,BBOZ
20220509,4.2,4.27,4.19,4.24,3401061,BBOZ
20220510,4.35,4.46,4.33,4.33,4053959,BBOZ
20220511,4.33,4.39,4.29,4.29,1662486,BBOZ
20220512,4.35,4.48,4.34,4.46,5197525,BBOZ
20220513,4.4,4.4,4.27,4.27,5030901,BBOZ
20220516,4.18,4.26,4.16,4.24,4984807,BBOZ
20220517,4.19,4.23,4.18,4.2,1702842,BBOZ
20220518,4.13,4.15,4.08,4.11,2925815,BBOZ
20220519,4.32,4.32,4.24,4.27,4049165,BBOZ
20220520,4.26,4.26,4.15,4.16,2077300,BBOZ
20220523,4.1,4.17,4.08,4.15,3072093,BBOZ
20220524,4.13,4.18,4.13,4.18,2121143,BBOZ
20220525,4.15,4.15,4.09,4.13,2857263,BBOZ
20220526,4.13,4.2,4.1,4.2,2629312,BBOZ
20220527,4.08,4.14,4.08,4.09,2021251,BBOZ
20220530,3.98,4.02,3.94,3.94,5108763,BBOZ
20220531,3.95,4.06,3.95,4.06,5643443,BBOZ
20220601,4.03,4.07,4.01,4.02,4682149,BBOZ
20220602,4.11,4.15,4.11,4.12,1609811,BBOZ
20220603,4,4.04,3.99,4.02,1190932,BBOZ
20220606,4.06,4.08,4.04,4.06,3528781,BBOZ
20220607,4.07,4.24,4.07,4.22,5013625,BBOZ
20220608,4.15,4.19,4.12,4.18,3983067,BBOZ
20220609,4.23,4.32,4.23,4.32,4366543,BBOZ
20220610,4.42,4.46,4.39,4.44,3407860,BBOZ
20220614,4.81,4.97,4.8,4.8,9594713,BBOZ
20220615,4.86,4.96,4.81,4.95,6964133,BBOZ
20220616,4.82,4.97,4.8,4.95,6585911,BBOZ
20220617,5.17,5.25,5.14,5.14,6086069,BBOZ
20220620,5.11,5.26,5.1,5.21,6286102,BBOZ
20220621,5.1,5.15,5.01,5.05,6061513,BBOZ
20220622,4.97,5.11,4.96,5.08,5388201,BBOZ
20220623,5.08,5.08,5,5.03,6386739,BBOZ
20220624,5.05,5.09,4.93,4.95,3156497,BBOZ
20220627,4.8,4.8,4.69,4.71,5560099,BBOZ
20220628,4.72,4.72,4.6,4.6,5804368,BBOZ
20220629,4.72,4.76,4.65,4.7,3235744,BBOZ
20220630,4.71,4.94,4.71,4.94,3455237,BBOZ
20220701,4.75,4.86,4.71,4.86,5245499,BBOZ
20220704,4.71,4.75,4.64,4.72,3734041,BBOZ
20220705,4.66,4.76,4.64,4.69,2587444,BBOZ
20220706,4.81,4.81,4.65,4.76,2794126,BBOZ
20220707,4.71,4.77,4.66,4.66,1237536,BBOZ
20220708,4.57,4.62,4.54,4.62,3311293,BBOZ
20220711,4.61,4.73,4.6,4.73,1171266,BBOZ
20220712,4.69,4.73,4.65,4.72,1270823,BBOZ
20220713,4.74,4.77,4.7,4.7,1900206,BBOZ
20220714,4.76,4.76,4.64,4.66,2891410,BBOZ
20220715,4.75,4.84,4.72,4.73,3069993,BBOZ
20220718,4.63,4.72,4.6,4.6,2472291,BBOZ
20220719,4.62,4.68,4.59,4.67,2216158,BBOZ
20220720,4.51,4.55,4.45,4.48,3217355,BBOZ
20220721,4.48,4.52,4.42,4.42,4554411,BBOZ
20220722,4.44,4.49,4.4,4.43,1124733,BBOZ
20220725,4.45,4.47,4.42,4.44,1547119,BBOZ
20220726,4.42,4.45,4.4,4.41,1848545,BBOZ
20220727,4.44,4.46,4.36,4.37,3999857,BBOZ
20220728,4.28,4.35,4.26,4.27,3549798,BBOZ
20220729,4.18,4.19,4.13,4.18,3916138,BBOZ
20220801,4.13,4.17,4.1,4.11,5472013,BBOZ
20220802,4.14,4.16,4.09,4.09,3488247,BBOZ
20220803,4.12,4.2,4.12,4.12,2810795,BBOZ
20220804,4.08,4.13,4.06,4.13,2298782,BBOZ
20220805,4.11,4.13,4.06,4.07,2055998,BBOZ
20220808,4.1,4.12,4.06,4.07,1798200,BBOZ
20220809,4.08,4.08,4.04,4.05,2186351,BBOZ
20220810,4.09,4.12,4.06,4.11,3508698,BBOZ
20220811,3.99,4.04,3.99,3.99,4646847,BBOZ
20220812,4.03,4.08,4.03,4.05,1568273,BBOZ
20220815,4.01,4.02,3.98,4,1283489,BBOZ
20220816,3.96,3.96,3.91,3.94,3635643,BBOZ
20220817,3.93,3.96,3.89,3.9,2211225,BBOZ
20220818,3.93,3.97,3.91,3.92,3410826,BBOZ
20220819,3.89,3.93,3.88,3.92,4250889,BBOZ
20220822,3.99,4.03,3.99,4.02,4665342,BBOZ
20220823,4.08,4.13,4.05,4.13,4949303,BBOZ
20220824,4.11,4.11,4.05,4.08,5506324,BBOZ
20220825,4.03,4.06,3.99,4,4327516,BBOZ
20220826,3.97,3.99,3.9,3.92,2375513,BBOZ
20220829,4.12,4.15,4.09,4.12,3497806,BBOZ
20220830,4.08,4.1,4.04,4.07,2389860,BBOZ
20220831,4.14,4.15,4.07,4.08,1932825,BBOZ
20220901,4.21,4.24,4.17,4.21,3863565,BBOZ
20220902,4.2,4.25,4.2,4.24,3874942,BBOZ
